Temperature (degC), Heater (%), error
3.079178885630498641e+01,0.000000000000000000e+00,0.000000000000000000e+00
3.079178885630498641e+01,4.292461731986215057e+01,4.208211143695013590e+00
3.079178885630498641e+01,4.375872966411175469e+01,4.208211143695013590e+00
3.128054740957966828e+01,3.473276969486855847e+01,3.719452590420331717e+00
3.079178885630498641e+01,5.027281672195034190e+01,4.208211143695013590e+00
3.079178885630498641e+01,4.617986555649503799e+01,4.208211143695013590e+00
3.274682306940371745e+01,7.331868022519678618e+00,2.253176930596282546e+00
3.079178885630498641e+01,6.698394799896861684e+01,4.208211143695013590e+00
3.128054740957966828e+01,3.838228828180756125e+01,3.719452590420331717e+00
3.323558162267839577e+01,4.591786349686973523e+00,1.764418377321604225e+00
3.128054740957966828e+01,6.413910755904927896e+01,3.719452590420331717e+00
3.128054740957966828e+01,4.515333363224450380e+01,3.719452590420331717e+00
3.128054740957966828e+01,4.589044005546867311e+01,3.719452590420331717e+00
3.323558162267839577e+01,7.163497291368191355e+00,1.764418377321604225e+00
3.176930596285435016e+01,5.680576706327561709e+01,3.230694037145649844e+00
3.176930596285435016e+01,4.264321480212206694e+01,3.230694037145649844e+00
3.470185728250244495e+01,0.000000000000000000e+00,2.981427174975550543e-01
3.372434017595308120e+01,3.310111862805502625e+01,1.275659824046918800e+00
3.274682306940371745e+01,4.344763923867076016e+01,2.253176930596282546e+00
3.372434017595308120e+01,1.429800745802254269e+01,1.275659824046918800e+00
3.274682306940371745e+01,4.414507077015112202e+01,2.253176930596282546e+00
3.274682306940371745e+01,3.472308504569795673e+01,2.253176930596282546e+00
3.470185728250244495e+01,0.000000000000000000e+00,2.981427174975550543e-01
3.323558162267839577e+01,4.482074267386907707e+01,1.764418377321604225e+00
3.323558162267839577e+01,3.053843390300710681e+01,1.764418377321604225e+00
3.519061583577713037e+01,0.000000000000000000e+00,-1.906158357771303713e-01
3.421309872922775952e+01,3.079417778749620282e+01,7.869012707722404798e-01
3.372434017595308120e+01,3.093990272638851735e+01,1.275659824046918800e+00
3.421309872922775952e+01,1.638842708156601802e+01,7.869012707722404798e-01
3.421309872922775952e+01,2.148820497819524178e+01,7.869012707722404798e-01
3.421309872922775952e+01,2.164384742100103409e+01,7.869012707722404798e-01
3.421309872922775952e+01,2.180171355240973696e+01,7.869012707722404798e-01
3.470185728250244495e+01,1.203057175582464389e+01,2.981427174975550543e-01
3.470185728250244495e+01,1.703290494259733379e+01,2.981427174975550543e-01
3.519061583577713037e+01,7.165256408729726800e+00,-1.906158357771303713e-01
3.519061583577713037e+01,1.206938016566125604e+01,-1.906158357771303713e-01
3.519061583577713037e+01,1.203170221828407627e+01,-1.906158357771303713e-01
3.665689149560117244e+01,0.000000000000000000e+00,-1.656891495601172437e+00
3.567937438905180869e+01,1.689177986282838617e+01,-6.793743890518086914e-01
3.567937438905180869e+01,6.873582005151199326e+00,-6.793743890518086914e-01
3.567937438905180869e+01,6.739052106907633899e+00,-6.793743890518086914e-01
3.567937438905180869e+01,6.602931836250350628e+00,-6.793743890518086914e-01
3.616813294232649412e+01,0.000000000000000000e+00,-1.168132942326494117e+00
3.616813294232649412e+01,1.481224366763198574e+00,-1.168132942326494117e+00
3.665689149560117244e+01,0.000000000000000000e+00,-1.656891495601172437e+00
3.616813294232649412e+01,6.123685495326988359e+00,-1.168132942326494117e+00
3.616813294232649412e+01,1.015836613618693818e+00,-1.168132942326494117e+00
3.665689149560117244e+01,0.000000000000000000e+00,-1.656891495601172437e+00
3.665689149560117244e+01,0.000000000000000000e+00,-1.656891495601172437e+00
3.665689149560117244e+01,0.000000000000000000e+00,-1.656891495601172437e+00
3.616813294232649412e+01,5.722951733402770635e+00,-1.168132942326494117e+00
3.665689149560117244e+01,0.000000000000000000e+00,-1.656891495601172437e+00
3.665689149560117244e+01,0.000000000000000000e+00,-1.656891495601172437e+00
3.665689149560117244e+01,0.000000000000000000e+00,-1.656891495601172437e+00
3.861192570869989993e+01,0.000000000000000000e+00,-3.611925708699899928e+00
3.665689149560117244e+01,1.506581632948141625e+01,-1.656891495601172437e+00
3.616813294232649412e+01,5.161269869526982745e+00,-1.168132942326494117e+00
3.763440860215054329e+01,0.000000000000000000e+00,-2.634408602150543288e+00
3.665689149560117244e+01,4.885897210945403302e+00,-1.656891495601172437e+00
3.616813294232649412e+01,4.537764060378393083e+00,-1.168132942326494117e+00
3.616813294232649412e+01,1.000000000000000000e+02,1.383186705767350588e+01
3.665689149560117244e+01,1.000000000000000000e+02,1.334310850439882756e+01
3.763440860215054329e+01,1.000000000000000000e+02,1.236559139784945671e+01
3.812316715542522161e+01,1.000000000000000000e+02,1.187683284457477839e+01
3.861192570869989993e+01,1.000000000000000000e+02,1.138807429130010007e+01
3.763440860215054329e+01,1.000000000000000000e+02,1.236559139784945671e+01
3.812316715542522161e+01,1.000000000000000000e+02,1.187683284457477839e+01
3.910068426197458535e+01,1.000000000000000000e+02,1.089931573802541465e+01
3.861192570869989993e+01,1.000000000000000000e+02,1.138807429130010007e+01
3.910068426197458535e+01,1.000000000000000000e+02,1.089931573802541465e+01
3.910068426197458535e+01,1.000000000000000000e+02,1.089931573802541465e+01
3.910068426197458535e+01,1.000000000000000000e+02,1.089931573802541465e+01
3.958944281524926367e+01,1.000000000000000000e+02,1.041055718475073633e+01
4.007820136852394910e+01,1.000000000000000000e+02,9.921798631476050900e+00
4.056695992179863453e+01,1.000000000000000000e+02,9.433040078201365475e+00
4.105571847507331285e+01,9.769696713559336843e+01,8.944281524926687155e+00
4.105571847507331285e+01,1.000000000000000000e+02,8.944281524926687155e+00
4.105571847507331285e+01,1.000000000000000000e+02,8.944281524926687155e+00
4.154447702834799827e+01,9.442502778563512322e+01,8.455522971652001729e+00
4.203323558162267659e+01,9.119339092983636874e+01,7.966764418377323409e+00
4.252199413489736202e+01,8.772262078660436657e+01,7.478005865102637983e+00
4.301075268817204744e+01,8.430248838681089296e+01,6.989247311827952558e+00
4.349951124144672576e+01,8.063103834666482328e+01,6.500488758553274238e+00
4.447702834799608951e+01,6.716525805785769876e+01,5.522971652003910492e+00
4.301075268817204744e+01,1.000000000000000000e+02,6.989247311827952558e+00
4.349951124144672576e+01,8.311730473330857194e+01,6.500488758553274238e+00
4.545454545454545325e+01,4.955638695454972265e+01,4.545454545454546746e+00
4.496578690127077493e+01,8.010434324595937028e+01,5.034213098729225067e+00
4.643206256109481700e+01,4.642841054484336638e+01,3.567937438905183001e+00
4.692082111436950242e+01,5.214059289370976558e+01,3.079178885630497575e+00
4.740957966764418785e+01,4.767836087944865398e+01,2.590420332355812150e+00
4.643206256109481700e+01,7.284962824489241484e+01,3.567937438905183001e+00
4.643206256109481700e+01,6.382699146741531138e+01,3.567937438905183001e+00
4.692082111436950242e+01,5.469655799988397149e+01,3.079178885630497575e+00
4.740957966764418785e+01,5.022849007348999351e+01,2.590420332355812150e+00
4.740957966764418785e+01,5.570293069678196218e+01,2.590420332355812150e+00
4.838709677419355160e+01,3.633795837052748112e+01,1.612903225806448404e+00
4.838709677419355160e+01,4.657004543972850286e+01,1.612903225806448404e+00
4.887585532746822992e+01,3.695460871608605657e+01,1.124144672531770084e+00
4.985337243401760077e+01,2.242522286925267494e+01,1.466275659823992328e-01
4.887585532746822992e+01,5.205360931244358369e+01,1.124144672531770084e+00
4.936461388074291534e+01,3.252928009608909576e+01,6.353861192570846583e-01
5.131964809384164994e+01,0.000000000000000000e+00,-1.319648093841649938e+00
4.985337243401760077e+01,4.714098449224102438e+01,1.466275659823992328e-01
5.034213098729227909e+01,2.263490340536726109e+01,-3.421309872922790873e-01
5.229716520039100658e+01,0.000000000000000000e+00,-2.297165200391006579e+00
5.278592375366569200e+01,0.000000000000000000e+00,-2.785923753665692004e+00
5.131964809384164994e+01,3.215384299750060393e+01,-1.319648093841649938e+00
5.083088954056695741e+01,2.721103908613169153e+01,-8.308895405669574075e-01
5.131964809384164994e+01,1.224332312206925799e+01,-1.319648093841649938e+00
5.278592375366569200e+01,0.000000000000000000e+00,-2.785923753665692004e+00
5.131964809384164994e+01,3.145899089030792695e+01,-1.319648093841649938e+00
5.180840664711632826e+01,6.657445947318717749e+00,-1.808406647116328259e+00
5.131964809384164994e+01,2.109499632235302613e+01,-1.319648093841649938e+00
5.131964809384164994e+01,1.596553012865602739e+01,-1.319648093841649938e+00
5.180840664711632826e+01,5.846214276893039852e+00,-1.808406647116328259e+00
5.180840664711632826e+01,1.035750923944468838e+01,-1.808406647116328259e+00
5.180840664711632826e+01,9.994505118065152516e+00,-1.808406647116328259e+00
5.180840664711632826e+01,9.637068105466372714e+00,-1.808406647116328259e+00
5.229716520039100658e+01,0.000000000000000000e+00,-2.297165200391006579e+00
5.229716520039100658e+01,4.295463636357272463e+00,-2.297165200391006579e+00
5.229716520039100658e+01,3.834323784939098090e+00,-2.297165200391006579e+00
5.180840664711632826e+01,1.331171210144748684e+01,-1.808406647116328259e+00
5.180840664711632826e+01,8.001462492425357453e+00,-1.808406647116328259e+00
5.229716520039100658e+01,0.000000000000000000e+00,-2.297165200391006579e+00
5.229716520039100658e+01,2.652365338417766338e+00,-2.297165200391006579e+00
5.229716520039100658e+01,2.198714666702155540e+00,-2.297165200391006579e+00
5.278592375366569200e+01,0.000000000000000000e+00,-2.785923753665692004e+00
5.180840664711632826e+01,1.663346845689168418e+01,-1.808406647116328259e+00
5.131964809384164994e+01,1.621467066347015162e+01,-1.319648093841649938e+00
5.131964809384164994e+01,1.109137022576829423e+01,-1.319648093841649938e+00
5.083088954056695741e+01,2.067139609748343432e+01,-8.308895405669574075e-01
5.131964809384164994e+01,5.703352409356561736e+00,-1.319648093841649938e+00
5.278592375366569200e+01,0.000000000000000000e+00,-2.785923753665692004e+00
5.131964809384164994e+01,2.528183165052842796e+01,-1.319648093841649938e+00
5.131964809384164994e+01,1.013850955063518811e+01,-1.319648093841649938e+00
5.131964809384164994e+01,9.878547587585707390e+00,-1.319648093841649938e+00
5.131964809384164994e+01,9.612851329096717024e+00,-1.319648093841649938e+00
5.131964809384164994e+01,9.353037367351706877e+00,-1.319648093841649938e+00
5.083088954056695741e+01,1.892791826813662226e+01,-8.308895405669574075e-01
5.083088954056695741e+01,1.390969870936484298e+01,-8.308895405669574075e-01
5.083088954056695741e+01,1.374229262394870688e+01,-8.308895405669574075e-01
5.083088954056695741e+01,1.357874706203984871e+01,-8.308895405669574075e-01
5.083088954056695741e+01,1.341121771911254257e+01,-8.308895405669574075e-01
5.034213098729227909e+01,2.319983603736791267e+01,-3.421309872922790873e-01
5.083088954056695741e+01,8.328407857843687978e+00,-8.308895405669574075e-01
4.985337243401760077e+01,3.291657906624170948e+01,1.466275659823992328e-01
4.985337243401760077e+01,2.300995131718205755e+01,1.466275659823992328e-01
5.131964809384164994e+01,0.000000000000000000e+00,-1.319648093841649938e+00
4.985337243401760077e+01,3.758620059615110165e+01,1.466275659823992328e-01
4.985337243401760077e+01,2.306836704331515975e+01,1.466275659823992328e-01
4.985337243401760077e+01,2.309792661224049581e+01,1.466275659823992328e-01
4.936461388074291534e+01,3.307791394536283747e+01,6.353861192570846583e-01
5.034213098729227909e+01,8.568864784550312308e+00,-3.421309872922790873e-01
5.180840664711632826e+01,0.000000000000000000e+00,-1.808406647116328259e+00
5.034213098729227909e+01,3.274623700481189559e+01,-3.421309872922790873e-01
5.034213098729227909e+01,1.813009773391426904e+01,-3.421309872922790873e-01
4.985337243401760077e+01,2.790151442655160707e+01,1.466275659823992328e-01
5.034213098729227909e+01,1.313046528133796897e+01,-3.421309872922790873e-01
5.229716520039100658e+01,0.000000000000000000e+00,-2.297165200391006579e+00
5.034213098729227909e+01,3.787140174652682845e+01,-3.421309872922790873e-01
4.985337243401760077e+01,2.779593580749019566e+01,1.466275659823992328e-01
4.985337243401760077e+01,2.297082101587898251e+01,1.466275659823992328e-01
5.131964809384164994e+01,0.000000000000000000e+00,-1.319648093841649938e+00
4.936461388074291534e+01,4.782405043762889818e+01,6.353861192570846583e-01
4.887585532746822992e+01,3.795298790930861088e+01,1.124144672531770084e+00
4.936461388074291534e+01,2.337493726023798502e+01,6.353861192570846583e-01
5.131964809384164994e+01,0.000000000000000000e+00,-1.319648093841649938e+00
4.789833822091886617e+01,7.812881145696239571e+01,2.101661779081133830e+00
4.936461388074291534e+01,1.430209341162325742e+01,6.353861192570846583e-01
5.131964809384164994e+01,0.000000000000000000e+00,-1.319648093841649938e+00
4.936461388074291534e+01,4.845045618522203057e+01,6.353861192570846583e-01
4.985337243401760077e+01,1.918908749399269809e+01,1.466275659823992328e-01
5.131964809384164994e+01,0.000000000000000000e+00,-1.319648093841649938e+00
4.985337243401760077e+01,3.905216041939444693e+01,1.466275659823992328e-01
4.985337243401760077e+01,2.420472648463046639e+01,1.466275659823992328e-01
5.131964809384164994e+01,0.000000000000000000e+00,-1.319648093841649938e+00
4.985337243401760077e+01,3.880648188937686882e+01,1.466275659823992328e-01
4.887585532746822992e+01,4.414788214050362569e+01,1.124144672531770084e+00
4.936461388074291534e+01,2.461394951112457363e+01,6.353861192570846583e-01
5.083088954056695741e+01,0.000000000000000000e+00,-8.308895405669574075e-01
4.936461388074291534e+01,4.417219906771306626e+01,6.353861192570846583e-01
4.936461388074291534e+01,2.972443084889251708e+01,6.353861192570846583e-01
5.131964809384164994e+01,0.000000000000000000e+00,-1.319648093841649938e+00
5.180840664711632826e+01,0.000000000000000000e+00,-1.808406647116328259e+00
4.936461388074291534e+01,5.415100892358573503e+01,6.353861192570846583e-01
4.985337243401760077e+01,2.003815387503900780e+01,1.466275659823992328e-01
4.985337243401760077e+01,2.502306570615225567e+01,1.466275659823992328e-01
5.180840664711632826e+01,0.000000000000000000e+00,-1.808406647116328259e+00
4.985337243401760077e+01,4.449201937285941710e+01,1.466275659823992328e-01
4.985337243401760077e+01,2.508147985215049758e+01,1.466275659823992328e-01
5.034213098729227909e+01,1.526590647296557179e+01,-3.421309872922790873e-01
5.180840664711632826e+01,0.000000000000000000e+00,-1.808406647116328259e+00
5.180840664711632826e+01,5.098290121566883215e+00,-1.808406647116328259e+00
4.985337243401760077e+01,4.452361161020101576e+01,1.466275659823992328e-01
4.936461388074291534e+01,3.454746678275368055e+01,6.353861192570846583e-01
4.936461388074291534e+01,2.981823482797750557e+01,6.353861192570846583e-01
5.180840664711632826e+01,0.000000000000000000e+00,-1.808406647116328259e+00
4.936461388074291534e+01,5.474153130925881072e+01,6.353861192570846583e-01
4.985337243401760077e+01,2.022921489898490677e+01,1.466275659823992328e-01
4.985337243401760077e+01,2.511429535188970519e+01,1.466275659823992328e-01
4.985337243401760077e+01,2.514381039736894863e+01,1.466275659823992328e-01
4.985337243401760077e+01,2.517270893155642142e+01,1.466275659823992328e-01
5.180840664711632826e+01,0.000000000000000000e+00,-1.808406647116328259e+00
5.034213098729227909e+01,3.509748810137735120e+01,-3.421309872922790873e-01
5.034213098729227909e+01,2.014881374059875796e+01,-3.421309872922790873e-01
4.985337243401760077e+01,3.002590812508484674e+01,1.466275659823992328e-01
5.180840664711632826e+01,0.000000000000000000e+00,-1.808406647116328259e+00
5.131964809384164994e+01,1.510366714475770245e+01,-1.319648093841649938e+00
5.034213098729227909e+01,2.955783815499829359e+01,-3.421309872922790873e-01
5.034213098729227909e+01,1.978139236618921259e+01,-3.421309872922790873e-01
5.180840664711632826e+01,0.000000000000000000e+00,-1.808406647116328259e+00
4.985337243401760077e+01,4.454367428107119053e+01,1.466275659823992328e-01
4.936461388074291534e+01,3.456788671203614882e+01,6.353861192570846583e-01
4.985337243401760077e+01,1.989322446371556197e+01,1.466275659823992328e-01
5.180840664711632826e+01,0.000000000000000000e+00,-1.808406647116328259e+00
5.034213098729227909e+01,3.478710927341801096e+01,-3.421309872922790873e-01
4.936461388074291534e+01,3.950968164393039217e+01,6.353861192570846583e-01
5.034213098729227909e+01,1.003502355831741788e+01,-3.421309872922790873e-01
5.034213098729227909e+01,1.989139506287813219e+01,-3.421309872922790873e-01
5.034213098729227909e+01,1.982400169330599482e+01,-3.421309872922790873e-01
5.034213098729227909e+01,1.975509264811733701e+01,-3.421309872922790873e-01
5.034213098729227909e+01,1.968769738611229414e+01,-3.421309872922790873e-01
5.034213098729227909e+01,1.961878762310425728e+01,-3.421309872922790873e-01
5.083088954056695741e+01,9.603366036855049970e+00,-8.308895405669574075e-01
5.034213098729227909e+01,2.424058911292803131e+01,-3.421309872922790873e-01
5.034213098729227909e+01,1.931887149554417960e+01,-3.421309872922790873e-01
5.229716520039100658e+01,0.000000000000000000e+00,-2.297165200391006579e+00
5.083088954056695741e+01,2.915213438913611199e+01,-8.308895405669574075e-01
5.034213098729227909e+01,2.394056623491445634e+01,-3.421309872922790873e-01
5.034213098729227909e+01,1.901887075385964110e+01,-3.421309872922790873e-01
5.180840664711632826e+01,0.000000000000000000e+00,-1.808406647116328259e+00
4.985337243401760077e+01,4.378437139311300541e+01,1.466275659823992328e-01
4.985337243401760077e+01,2.396487139047402692e+01,1.466275659823992328e-01
5.034213098729227909e+01,1.404748824664821782e+01,-3.421309872922790873e-01
4.985337243401760077e+01,2.878058606506233730e+01,1.466275659823992328e-01
5.034213098729227909e+01,1.400993867408540794e+01,-3.421309872922790873e-01
5.229716520039100658e+01,0.000000000000000000e+00,-2.297165200391006579e+00
5.034213098729227909e+01,3.875318053214121505e+01,-3.421309872922790873e-01
5.083088954056695741e+01,8.995973926181280333e+00,-8.308895405669574075e-01
5.034213098729227909e+01,2.363164788092032964e+01,-3.421309872922790873e-01
5.376344086021505575e+01,0.000000000000000000e+00,-3.763440860215055750e+00
5.034213098729227909e+01,5.336798044658949181e+01,-3.421309872922790873e-01
5.083088954056695741e+01,8.696330984024728039e+00,-8.308895405669574075e-01
5.229716520039100658e+01,0.000000000000000000e+00,-2.297165200391006579e+00
4.985337243401760077e+01,4.762375112387276488e+01,1.466275659823992328e-01
4.985337243401760077e+01,2.338111789555130571e+01,1.466275659823992328e-01
5.034213098729227909e+01,1.357168731773588810e+01,-3.421309872922790873e-01
4.985337243401760077e+01,2.830829029733200741e+01,1.466275659823992328e-01
4.985337243401760077e+01,2.337061820468348117e+01,1.466275659823992328e-01
4.985337243401760077e+01,2.339947310337675646e+01,1.466275659823992328e-01
5.034213098729227909e+01,1.359403351073567023e+01,-3.421309872922790873e-01
4.985337243401760077e+01,2.832668130098921466e+01,1.466275659823992328e-01
4.985337243401760077e+01,2.338892650720763200e+01,1.466275659823992328e-01
5.034213098729227909e+01,1.346468832805163629e+01,-3.421309872922790873e-01
5.034213098729227909e+01,1.836505643992819614e+01,-3.421309872922790873e-01
5.034213098729227909e+01,1.829773973020280664e+01,-3.421309872922790873e-01
5.034213098729227909e+01,1.822875335629025173e+01,-3.421309872922790873e-01
5.034213098729227909e+01,1.816144044774475219e+01,-3.421309872922790873e-01
5.034213098729227909e+01,1.809245314392982351e+01,-3.421309872922790873e-01
5.034213098729227909e+01,1.802513393815068810e+01,-3.421309872922790873e-01
5.034213098729227909e+01,1.795612242424583016e+01,-3.421309872922790873e-01
4.985337243401760077e+01,2.784288073874143521e+01,1.466275659823992328e-01
4.985337243401760077e+01,2.290212023619435300e+01,1.466275659823992328e-01
4.985337243401760077e+01,2.293096012360641467e+01,1.466275659823992328e-01
5.131964809384164994e+01,0.000000000000000000e+00,-1.319648093841649938e+00
4.985337243401760077e+01,3.786796835994498167e+01,1.466275659823992328e-01
4.985337243401760077e+01,2.298937821994181618e+01,1.466275659823992328e-01
4.887585532746822992e+01,4.292569814487104196e+01,1.124144672531770084e+00
4.985337243401760077e+01,1.354822724311829596e+01,1.466275659823992328e-01
4.985337243401760077e+01,2.326889367606967696e+01,1.466275659823992328e-01
4.985337243401760077e+01,2.329847394755843482e+01,1.466275659823992328e-01
4.985337243401760077e+01,2.332729400637547101e+01,1.466275659823992328e-01
4.985337243401760077e+01,2.335688949889785704e+01,1.466275659823992328e-01
5.034213098729227909e+01,1.342974538712673294e+01,-3.421309872922790873e-01
5.180840664711632826e+01,0.000000000000000000e+00,-1.808406647116328259e+00
5.034213098729227909e+01,3.324667827121761832e+01,-3.421309872922790873e-01
5.034213098729227909e+01,1.826574075000598540e+01,-3.421309872922790873e-01
4.985337243401760077e+01,2.815281298459451875e+01,1.466275659823992328e-01
5.180840664711632826e+01,0.000000000000000000e+00,-1.808406647116328259e+00
5.034213098729227909e+01,3.313968310452739274e+01,-3.421309872922790873e-01
4.985337243401760077e+01,2.798989697075123928e+01,1.466275659823992328e-01
5.034213098729227909e+01,1.321858182250754510e+01,-3.421309872922790873e-01
5.131964809384164994e+01,0.000000000000000000e+00,-1.319648093841649938e+00
4.985337243401760077e+01,3.801624465836466271e+01,1.466275659823992328e-01
4.985337243401760077e+01,2.313559947918104598e+01,1.466275659823992328e-01
4.985337243401760077e+01,2.316443871636061758e+01,1.466275659823992328e-01
4.985337243401760077e+01,2.319400461281716019e+01,1.466275659823992328e-01
4.985337243401760077e+01,2.322285276447439628e+01,1.466275659823992328e-01
4.936461388074291534e+01,3.308845468854323002e+01,6.353861192570846583e-01
5.180840664711632826e+01,0.000000000000000000e+00,-1.808406647116328259e+00
5.034213098729227909e+01,3.294545372363760549e+01,-3.421309872922790873e-01
5.034213098729227909e+01,1.832709037873040003e+01,-3.421309872922790873e-01
5.131964809384164994e+01,0.000000000000000000e+00,-1.319648093841649938e+00
4.985337243401760077e+01,3.816190586616306746e+01,1.466275659823992328e-01
4.985337243401760077e+01,2.327308293288503904e+01,1.466275659823992328e-01
4.985337243401760077e+01,2.330191833159540593e+01,1.466275659823992328e-01
5.131964809384164994e+01,0.000000000000000000e+00,-1.319648093841649938e+00
4.936461388074291534e+01,4.819459561343678189e+01,6.353861192570846583e-01
4.936461388074291534e+01,2.844255139028324564e+01,6.353861192570846583e-01
5.180840664711632826e+01,0.000000000000000000e+00,-1.808406647116328259e+00
4.985337243401760077e+01,4.300072379796444011e+01,1.466275659823992328e-01
4.985337243401760077e+01,2.361335833611009605e+01,1.466275659823992328e-01
4.985337243401760077e+01,2.364290836130052043e+01,1.466275659823992328e-01
5.278592375366569200e+01,0.000000000000000000e+00,-2.785923753665692004e+00
5.034213098729227909e+01,4.293267405563961603e+01,-3.421309872922790873e-01
5.034213098729227909e+01,1.861901498120537823e+01,-3.421309872922790873e-01
5.083088954056695741e+01,8.714234956716021330e+00,-8.308895405669574075e-01
5.034213098729227909e+01,2.335079845309739710e+01,-3.421309872922790873e-01
4.985337243401760077e+01,2.815092075602438726e+01,1.466275659823992328e-01
4.985337243401760077e+01,2.333019530644963169e+01,1.466275659823992328e-01
5.034213098729227909e+01,1.352498747433443427e+01,-3.421309872922790873e-01
5.180840664711632826e+01,0.000000000000000000e+00,-1.808406647116328259e+00
4.985337243401760077e+01,4.268437307099145528e+01,1.466275659823992328e-01
4.985337243401760077e+01,2.331963308139496149e+01,1.466275659823992328e-01
4.985337243401760077e+01,2.334919671951715969e+01,1.466275659823992328e-01
4.985337243401760077e+01,2.337804677992138025e+01,1.466275659823992328e-01
5.034213098729227909e+01,1.357189254302029724e+01,-3.421309872922790873e-01
4.985337243401760077e+01,2.830418735862687640e+01,1.466275659823992328e-01
5.034213098729227909e+01,1.353161509562140807e+01,-3.421309872922790873e-01
5.229716520039100658e+01,0.000000000000000000e+00,-2.297165200391006579e+00
5.034213098729227909e+01,3.769974507544999653e+01,-3.421309872922790873e-01
5.083088954056695741e+01,8.292186686261061368e+00,-8.308895405669574075e-01
5.229716520039100658e+01,0.000000000000000000e+00,-2.297165200391006579e+00
5.034213098729227909e+01,3.797593195951446887e+01,-3.421309872922790873e-01
5.034213098729227909e+01,1.801263913823930451e+01,-3.421309872922790873e-01
5.034213098729227909e+01,1.794540251431678612e+01,-3.421309872922790873e-01
5.083088954056695741e+01,8.047716032977850986e+00,-8.308895405669574075e-01
5.034213098729227909e+01,2.268670723909755793e+01,-3.421309872922790873e-01
5.034213098729227909e+01,1.764137220499204517e+01,-3.421309872922790873e-01
5.180840664711632826e+01,0.000000000000000000e+00,-1.808406647116328259e+00
4.985337243401760077e+01,4.190143688505658304e+01,1.466275659823992328e-01
4.985337243401760077e+01,2.258736097661145337e+01,1.466275659823992328e-01
4.985337243401760077e+01,2.261701471737966074e+01,1.466275659823992328e-01
4.985337243401760077e+01,2.264577758370470306e+01,1.466275659823992328e-01
5.034213098729227909e+01,1.285727425515309363e+01,-3.421309872922790873e-01
5.180840664711632826e+01,0.000000000000000000e+00,-1.808406647116328259e+00
5.034213098729227909e+01,3.211410893670375089e+01,-3.421309872922790873e-01
5.083088954056695741e+01,7.583717703391244847e+00,-8.308895405669574075e-01
5.034213098729227909e+01,2.221888613765528930e+01,-3.421309872922790873e-01
5.034213098729227909e+01,1.732053124636599861e+01,-3.421309872922790873e-01
5.034213098729227909e+01,1.725130911773002040e+01,-3.421309872922790873e-01
5.229716520039100658e+01,0.000000000000000000e+00,-2.297165200391006579e+00
5.083088954056695741e+01,2.668953874195825193e+01,-8.308895405669574075e-01
5.034213098729227909e+01,2.200209064444863216e+01,-3.421309872922790873e-01
5.034213098729227909e+01,1.694689363072212629e+01,-3.421309872922790873e-01
5.180840664711632826e+01,0.000000000000000000e+00,-1.808406647116328259e+00
4.985337243401760077e+01,4.118787948934821941e+01,1.466275659823992328e-01
4.936461388074291534e+01,3.186245814800383158e+01,6.353861192570846583e-01
4.936461388074291534e+01,2.700487038000803963e+01,6.353861192570846583e-01
5.229716520039100658e+01,0.000000000000000000e+00,-2.297165200391006579e+00
4.985337243401760077e+01,4.631634581854409305e+01,1.466275659823992328e-01
4.887585532746822992e+01,4.211611427611290992e+01,1.124144672531770084e+00
4.985337243401760077e+01,1.273633481329542860e+01,1.466275659823992328e-01
5.180840664711632826e+01,0.000000000000000000e+00,-1.808406647116328259e+00
4.985337243401760077e+01,4.175494407156516274e+01,1.466275659823992328e-01
5.034213098729227909e+01,1.248736092500892525e+01,-3.421309872922790873e-01
5.034213098729227909e+01,1.740273776501837588e+01,-3.421309872922790873e-01
5.180840664711632826e+01,0.000000000000000000e+00,-1.808406647116328259e+00
4.985337243401760077e+01,4.166683057194661899e+01,1.466275659823992328e-01
4.985337243401760077e+01,0.000000000000000000e+00,-1.985337243401760077e+01
5.180840664711632826e+01,0.000000000000000000e+00,-2.180840664711632826e+01
4.985337243401760077e+01,0.000000000000000000e+00,-1.985337243401760077e+01
4.936461388074291534e+01,0.000000000000000000e+00,-1.936461388074291534e+01
4.936461388074291534e+01,0.000000000000000000e+00,-1.936461388074291534e+01
4.936461388074291534e+01,0.000000000000000000e+00,-1.936461388074291534e+01
4.936461388074291534e+01,0.000000000000000000e+00,-1.936461388074291534e+01
4.936461388074291534e+01,0.000000000000000000e+00,-1.936461388074291534e+01
4.936461388074291534e+01,0.000000000000000000e+00,-1.936461388074291534e+01
4.936461388074291534e+01,0.000000000000000000e+00,-1.936461388074291534e+01
4.887585532746822992e+01,0.000000000000000000e+00,-1.887585532746822992e+01
4.985337243401760077e+01,0.000000000000000000e+00,-1.985337243401760077e+01
4.985337243401760077e+01,0.000000000000000000e+00,-1.985337243401760077e+01
4.985337243401760077e+01,0.000000000000000000e+00,-1.985337243401760077e+01
4.936461388074291534e+01,0.000000000000000000e+00,-1.936461388074291534e+01
4.887585532746822992e+01,0.000000000000000000e+00,-1.887585532746822992e+01
4.936461388074291534e+01,0.000000000000000000e+00,-1.936461388074291534e+01
4.936461388074291534e+01,0.000000000000000000e+00,-1.936461388074291534e+01
4.887585532746822992e+01,0.000000000000000000e+00,-1.887585532746822992e+01
4.887585532746822992e+01,0.000000000000000000e+00,-1.887585532746822992e+01
4.887585532746822992e+01,0.000000000000000000e+00,-1.887585532746822992e+01
4.838709677419355160e+01,0.000000000000000000e+00,-1.838709677419355160e+01
4.838709677419355160e+01,0.000000000000000000e+00,-1.838709677419355160e+01
4.838709677419355160e+01,0.000000000000000000e+00,-1.838709677419355160e+01
4.838709677419355160e+01,0.000000000000000000e+00,-1.838709677419355160e+01
4.838709677419355160e+01,0.000000000000000000e+00,-1.838709677419355160e+01
4.838709677419355160e+01,0.000000000000000000e+00,-1.838709677419355160e+01
4.838709677419355160e+01,0.000000000000000000e+00,-1.838709677419355160e+01
4.838709677419355160e+01,0.000000000000000000e+00,-1.838709677419355160e+01
4.887585532746822992e+01,0.000000000000000000e+00,-1.887585532746822992e+01
4.838709677419355160e+01,0.000000000000000000e+00,-1.838709677419355160e+01
4.789833822091886617e+01,0.000000000000000000e+00,-1.789833822091886617e+01
4.740957966764418785e+01,0.000000000000000000e+00,-1.740957966764418785e+01
4.740957966764418785e+01,0.000000000000000000e+00,-1.740957966764418785e+01
4.692082111436950242e+01,0.000000000000000000e+00,-1.692082111436950242e+01
4.692082111436950242e+01,0.000000000000000000e+00,-1.692082111436950242e+01
4.692082111436950242e+01,0.000000000000000000e+00,-1.692082111436950242e+01
4.692082111436950242e+01,0.000000000000000000e+00,-1.692082111436950242e+01
4.692082111436950242e+01,0.000000000000000000e+00,-1.692082111436950242e+01
4.643206256109481700e+01,0.000000000000000000e+00,-1.643206256109481700e+01
4.594330400782013868e+01,0.000000000000000000e+00,-1.594330400782013868e+01
4.643206256109481700e+01,0.000000000000000000e+00,-1.643206256109481700e+01
4.692082111436950242e+01,0.000000000000000000e+00,-1.692082111436950242e+01
4.643206256109481700e+01,0.000000000000000000e+00,-1.643206256109481700e+01
4.594330400782013868e+01,0.000000000000000000e+00,-1.594330400782013868e+01
4.643206256109481700e+01,0.000000000000000000e+00,-1.643206256109481700e+01
4.692082111436950242e+01,0.000000000000000000e+00,-1.692082111436950242e+01
4.594330400782013868e+01,0.000000000000000000e+00,-1.594330400782013868e+01
4.594330400782013868e+01,0.000000000000000000e+00,-1.594330400782013868e+01
4.594330400782013868e+01,0.000000000000000000e+00,-1.594330400782013868e+01
4.594330400782013868e+01,0.000000000000000000e+00,-1.594330400782013868e+01
4.496578690127077493e+01,0.000000000000000000e+00,-1.496578690127077493e+01
4.496578690127077493e+01,0.000000000000000000e+00,-1.496578690127077493e+01
4.496578690127077493e+01,0.000000000000000000e+00,-1.496578690127077493e+01
4.496578690127077493e+01,0.000000000000000000e+00,-1.496578690127077493e+01
4.447702834799608951e+01,0.000000000000000000e+00,-1.447702834799608951e+01
4.496578690127077493e+01,0.000000000000000000e+00,-1.496578690127077493e+01
4.496578690127077493e+01,0.000000000000000000e+00,-1.496578690127077493e+01
4.496578690127077493e+01,0.000000000000000000e+00,-1.496578690127077493e+01
4.447702834799608951e+01,0.000000000000000000e+00,-1.447702834799608951e+01
4.447702834799608951e+01,0.000000000000000000e+00,-1.447702834799608951e+01
4.447702834799608951e+01,0.000000000000000000e+00,-1.447702834799608951e+01
4.447702834799608951e+01,0.000000000000000000e+00,-1.447702834799608951e+01
4.496578690127077493e+01,0.000000000000000000e+00,-1.496578690127077493e+01
4.447702834799608951e+01,0.000000000000000000e+00,-1.447702834799608951e+01
4.398826979472140408e+01,0.000000000000000000e+00,-1.398826979472140408e+01
4.398826979472140408e+01,0.000000000000000000e+00,-1.398826979472140408e+01
4.349951124144672576e+01,0.000000000000000000e+00,-1.349951124144672576e+01
4.349951124144672576e+01,0.000000000000000000e+00,-1.349951124144672576e+01
4.349951124144672576e+01,0.000000000000000000e+00,-1.349951124144672576e+01
4.301075268817204744e+01,0.000000000000000000e+00,-1.301075268817204744e+01
4.349951124144672576e+01,0.000000000000000000e+00,-1.349951124144672576e+01
4.301075268817204744e+01,0.000000000000000000e+00,-1.301075268817204744e+01
4.301075268817204744e+01,0.000000000000000000e+00,-1.301075268817204744e+01
4.349951124144672576e+01,0.000000000000000000e+00,-1.349951124144672576e+01
4.301075268817204744e+01,0.000000000000000000e+00,-1.301075268817204744e+01
4.301075268817204744e+01,0.000000000000000000e+00,-1.301075268817204744e+01
4.594330400782013868e+01,0.000000000000000000e+00,-1.594330400782013868e+01
4.301075268817204744e+01,0.000000000000000000e+00,-1.301075268817204744e+01
4.252199413489736202e+01,0.000000000000000000e+00,-1.252199413489736202e+01
4.301075268817204744e+01,0.000000000000000000e+00,-1.301075268817204744e+01
4.252199413489736202e+01,0.000000000000000000e+00,-1.252199413489736202e+01
4.252199413489736202e+01,0.000000000000000000e+00,-1.252199413489736202e+01
4.203323558162267659e+01,0.000000000000000000e+00,-1.203323558162267659e+01
4.252199413489736202e+01,0.000000000000000000e+00,-1.252199413489736202e+01
4.154447702834799827e+01,0.000000000000000000e+00,-1.154447702834799827e+01
4.154447702834799827e+01,0.000000000000000000e+00,-1.154447702834799827e+01
4.203323558162267659e+01,0.000000000000000000e+00,-1.203323558162267659e+01
4.154447702834799827e+01,0.000000000000000000e+00,-1.154447702834799827e+01
4.154447702834799827e+01,0.000000000000000000e+00,-1.154447702834799827e+01
4.105571847507331285e+01,0.000000000000000000e+00,-1.105571847507331285e+01
4.105571847507331285e+01,0.000000000000000000e+00,-1.105571847507331285e+01
4.105571847507331285e+01,0.000000000000000000e+00,-1.105571847507331285e+01
4.105571847507331285e+01,0.000000000000000000e+00,-1.105571847507331285e+01
4.105571847507331285e+01,0.000000000000000000e+00,-1.105571847507331285e+01
4.105571847507331285e+01,0.000000000000000000e+00,-1.105571847507331285e+01
4.105571847507331285e+01,0.000000000000000000e+00,-1.105571847507331285e+01
4.105571847507331285e+01,0.000000000000000000e+00,-1.105571847507331285e+01
4.105571847507331285e+01,0.000000000000000000e+00,-1.105571847507331285e+01
4.105571847507331285e+01,0.000000000000000000e+00,-1.105571847507331285e+01
4.105571847507331285e+01,0.000000000000000000e+00,-1.105571847507331285e+01
4.105571847507331285e+01,0.000000000000000000e+00,-1.105571847507331285e+01
4.056695992179863453e+01,0.000000000000000000e+00,-1.056695992179863453e+01
4.056695992179863453e+01,0.000000000000000000e+00,-1.056695992179863453e+01
4.056695992179863453e+01,0.000000000000000000e+00,-1.056695992179863453e+01
4.056695992179863453e+01,0.000000000000000000e+00,-1.056695992179863453e+01
3.958944281524926367e+01,0.000000000000000000e+00,-9.589442815249263674e+00
4.056695992179863453e+01,0.000000000000000000e+00,-1.056695992179863453e+01
4.007820136852394910e+01,0.000000000000000000e+00,-1.007820136852394910e+01
4.007820136852394910e+01,0.000000000000000000e+00,-1.007820136852394910e+01
4.007820136852394910e+01,0.000000000000000000e+00,-1.007820136852394910e+01
4.007820136852394910e+01,0.000000000000000000e+00,-1.007820136852394910e+01
4.056695992179863453e+01,0.000000000000000000e+00,-1.056695992179863453e+01
3.958944281524926367e+01,0.000000000000000000e+00,-9.589442815249263674e+00
3.958944281524926367e+01,0.000000000000000000e+00,-9.589442815249263674e+00
4.007820136852394910e+01,0.000000000000000000e+00,-1.007820136852394910e+01
3.958944281524926367e+01,0.000000000000000000e+00,-9.589442815249263674e+00
3.910068426197458535e+01,0.000000000000000000e+00,-9.100684261974585354e+00
3.958944281524926367e+01,0.000000000000000000e+00,-9.589442815249263674e+00
4.056695992179863453e+01,0.000000000000000000e+00,-1.056695992179863453e+01
3.910068426197458535e+01,0.000000000000000000e+00,-9.100684261974585354e+00
3.910068426197458535e+01,0.000000000000000000e+00,-9.100684261974585354e+00
3.910068426197458535e+01,0.000000000000000000e+00,-9.100684261974585354e+00
3.910068426197458535e+01,0.000000000000000000e+00,-9.100684261974585354e+00
3.910068426197458535e+01,0.000000000000000000e+00,-9.100684261974585354e+00
3.910068426197458535e+01,0.000000000000000000e+00,-9.100684261974585354e+00
3.910068426197458535e+01,0.000000000000000000e+00,-9.100684261974585354e+00
3.910068426197458535e+01,0.000000000000000000e+00,-9.100684261974585354e+00
3.910068426197458535e+01,0.000000000000000000e+00,-9.100684261974585354e+00
3.910068426197458535e+01,0.000000000000000000e+00,-9.100684261974585354e+00
3.910068426197458535e+01,0.000000000000000000e+00,-9.100684261974585354e+00
3.910068426197458535e+01,0.000000000000000000e+00,-9.100684261974585354e+00
3.910068426197458535e+01,0.000000000000000000e+00,-9.100684261974585354e+00
3.861192570869989993e+01,0.000000000000000000e+00,-8.611925708699899928e+00
3.812316715542522161e+01,0.000000000000000000e+00,-8.123167155425221608e+00
3.861192570869989993e+01,0.000000000000000000e+00,-8.611925708699899928e+00
3.958944281524926367e+01,0.000000000000000000e+00,-9.589442815249263674e+00
3.763440860215054329e+01,0.000000000000000000e+00,-7.634408602150543288e+00
3.812316715542522161e+01,0.000000000000000000e+00,-8.123167155425221608e+00
3.812316715542522161e+01,0.000000000000000000e+00,-8.123167155425221608e+00
3.812316715542522161e+01,0.000000000000000000e+00,-8.123167155425221608e+00
3.812316715542522161e+01,0.000000000000000000e+00,-8.123167155425221608e+00
3.812316715542522161e+01,0.000000000000000000e+00,-8.123167155425221608e+00
3.763440860215054329e+01,0.000000000000000000e+00,-7.634408602150543288e+00
3.763440860215054329e+01,0.000000000000000000e+00,-7.634408602150543288e+00
3.763440860215054329e+01,0.000000000000000000e+00,-7.634408602150543288e+00
3.812316715542522161e+01,0.000000000000000000e+00,-8.123167155425221608e+00
3.812316715542522161e+01,0.000000000000000000e+00,-8.123167155425221608e+00
3.861192570869989993e+01,0.000000000000000000e+00,-8.611925708699899928e+00
3.812316715542522161e+01,0.000000000000000000e+00,-8.123167155425221608e+00
3.763440860215054329e+01,0.000000000000000000e+00,-7.634408602150543288e+00
3.763440860215054329e+01,0.000000000000000000e+00,-7.634408602150543288e+00
3.763440860215054329e+01,0.000000000000000000e+00,-7.634408602150543288e+00
3.714565004887585076e+01,0.000000000000000000e+00,-7.145650048875850757e+00
3.714565004887585076e+01,0.000000000000000000e+00,-7.145650048875850757e+00
3.714565004887585076e+01,0.000000000000000000e+00,-7.145650048875850757e+00
3.714565004887585076e+01,0.000000000000000000e+00,-7.145650048875850757e+00
3.714565004887585076e+01,0.000000000000000000e+00,-7.145650048875850757e+00
3.714565004887585076e+01,0.000000000000000000e+00,-7.145650048875850757e+00
3.714565004887585076e+01,0.000000000000000000e+00,-7.145650048875850757e+00
3.714565004887585076e+01,0.000000000000000000e+00,-7.145650048875850757e+00
3.665689149560117244e+01,0.000000000000000000e+00,-6.656891495601172437e+00
3.714565004887585076e+01,0.000000000000000000e+00,-7.145650048875850757e+00
3.665689149560117244e+01,0.000000000000000000e+00,-6.656891495601172437e+00
3.714565004887585076e+01,0.000000000000000000e+00,-7.145650048875850757e+00
3.714565004887585076e+01,0.000000000000000000e+00,-7.145650048875850757e+00
3.714565004887585076e+01,0.000000000000000000e+00,-7.145650048875850757e+00
3.714565004887585076e+01,0.000000000000000000e+00,-7.145650048875850757e+00
3.665689149560117244e+01,0.000000000000000000e+00,-6.656891495601172437e+00
3.714565004887585076e+01,0.000000000000000000e+00,-7.145650048875850757e+00
3.665689149560117244e+01,0.000000000000000000e+00,-6.656891495601172437e+00
3.616813294232649412e+01,0.000000000000000000e+00,-6.168132942326494117e+00
3.519061583577713037e+01,0.000000000000000000e+00,-5.190615835777130371e+00
3.665689149560117244e+01,0.000000000000000000e+00,-6.656891495601172437e+00
3.665689149560117244e+01,0.000000000000000000e+00,-6.656891495601172437e+00
3.665689149560117244e+01,0.000000000000000000e+00,-6.656891495601172437e+00
3.616813294232649412e+01,0.000000000000000000e+00,-6.168132942326494117e+00
3.665689149560117244e+01,0.000000000000000000e+00,-6.656891495601172437e+00
3.665689149560117244e+01,0.000000000000000000e+00,-6.656891495601172437e+00
3.665689149560117244e+01,0.000000000000000000e+00,-6.656891495601172437e+00
3.616813294232649412e+01,0.000000000000000000e+00,-6.168132942326494117e+00
3.714565004887585076e+01,0.000000000000000000e+00,-7.145650048875850757e+00
3.567937438905180869e+01,0.000000000000000000e+00,-5.679374389051808691e+00
3.567937438905180869e+01,0.000000000000000000e+00,-5.679374389051808691e+00
3.567937438905180869e+01,0.000000000000000000e+00,-5.679374389051808691e+00
3.519061583577713037e+01,0.000000000000000000e+00,-5.190615835777130371e+00
3.616813294232649412e+01,0.000000000000000000e+00,-6.168132942326494117e+00
3.567937438905180869e+01,0.000000000000000000e+00,-5.679374389051808691e+00
3.567937438905180869e+01,0.000000000000000000e+00,-5.679374389051808691e+00
3.567937438905180869e+01,0.000000000000000000e+00,-5.679374389051808691e+00
3.567937438905180869e+01,0.000000000000000000e+00,-5.679374389051808691e+00
3.519061583577713037e+01,0.000000000000000000e+00,-5.190615835777130371e+00
3.519061583577713037e+01,0.000000000000000000e+00,-5.190615835777130371e+00
3.519061583577713037e+01,0.000000000000000000e+00,-5.190615835777130371e+00
3.519061583577713037e+01,0.000000000000000000e+00,-5.190615835777130371e+00
3.519061583577713037e+01,0.000000000000000000e+00,-5.190615835777130371e+00
3.519061583577713037e+01,0.000000000000000000e+00,-5.190615835777130371e+00
3.519061583577713037e+01,0.000000000000000000e+00,-5.190615835777130371e+00
3.519061583577713037e+01,0.000000000000000000e+00,-5.190615835777130371e+00
3.519061583577713037e+01,0.000000000000000000e+00,-5.190615835777130371e+00
3.519061583577713037e+01,0.000000000000000000e+00,-5.190615835777130371e+00
3.616813294232649412e+01,0.000000000000000000e+00,-6.168132942326494117e+00
3.519061583577713037e+01,0.000000000000000000e+00,-5.190615835777130371e+00
3.519061583577713037e+01,0.000000000000000000e+00,-5.190615835777130371e+00
3.519061583577713037e+01,0.000000000000000000e+00,-5.190615835777130371e+00
3.470185728250244495e+01,0.000000000000000000e+00,-4.701857282502444946e+00
3.519061583577713037e+01,0.000000000000000000e+00,-5.190615835777130371e+00
3.470185728250244495e+01,0.000000000000000000e+00,-4.701857282502444946e+00
3.470185728250244495e+01,0.000000000000000000e+00,-4.701857282502444946e+00
3.470185728250244495e+01,0.000000000000000000e+00,-4.701857282502444946e+00
3.519061583577713037e+01,0.000000000000000000e+00,-5.190615835777130371e+00
3.470185728250244495e+01,0.000000000000000000e+00,-4.701857282502444946e+00
3.470185728250244495e+01,0.000000000000000000e+00,-4.701857282502444946e+00
3.470185728250244495e+01,0.000000000000000000e+00,-4.701857282502444946e+00
3.421309872922775952e+01,0.000000000000000000e+00,-4.213098729227759520e+00
3.421309872922775952e+01,0.000000000000000000e+00,-4.213098729227759520e+00
3.421309872922775952e+01,0.000000000000000000e+00,-4.213098729227759520e+00
3.421309872922775952e+01,0.000000000000000000e+00,-4.213098729227759520e+00
3.470185728250244495e+01,0.000000000000000000e+00,-4.701857282502444946e+00
3.470185728250244495e+01,0.000000000000000000e+00,-4.701857282502444946e+00
3.470185728250244495e+01,0.000000000000000000e+00,-4.701857282502444946e+00
3.470185728250244495e+01,0.000000000000000000e+00,-4.701857282502444946e+00
3.470185728250244495e+01,0.000000000000000000e+00,-4.701857282502444946e+00
3.470185728250244495e+01,0.000000000000000000e+00,-4.701857282502444946e+00
3.421309872922775952e+01,0.000000000000000000e+00,-4.213098729227759520e+00
3.519061583577713037e+01,0.000000000000000000e+00,-5.190615835777130371e+00
3.421309872922775952e+01,0.000000000000000000e+00,-4.213098729227759520e+00
3.470185728250244495e+01,0.000000000000000000e+00,-4.701857282502444946e+00
3.421309872922775952e+01,0.000000000000000000e+00,-4.213098729227759520e+00
3.421309872922775952e+01,0.000000000000000000e+00,-4.213098729227759520e+00
3.421309872922775952e+01,0.000000000000000000e+00,-4.213098729227759520e+00
3.421309872922775952e+01,0.000000000000000000e+00,-4.213098729227759520e+00
3.421309872922775952e+01,0.000000000000000000e+00,-4.213098729227759520e+00
3.372434017595308120e+01,0.000000000000000000e+00,-3.724340175953081200e+00
3.421309872922775952e+01,0.000000000000000000e+00,-4.213098729227759520e+00
3.421309872922775952e+01,0.000000000000000000e+00,-4.213098729227759520e+00
3.519061583577713037e+01,0.000000000000000000e+00,-5.190615835777130371e+00
3.372434017595308120e+01,0.000000000000000000e+00,-3.724340175953081200e+00
3.372434017595308120e+01,0.000000000000000000e+00,-3.724340175953081200e+00
3.372434017595308120e+01,0.000000000000000000e+00,-3.724340175953081200e+00
3.421309872922775952e+01,0.000000000000000000e+00,-4.213098729227759520e+00
3.421309872922775952e+01,0.000000000000000000e+00,-4.213098729227759520e+00
3.519061583577713037e+01,0.000000000000000000e+00,-5.190615835777130371e+00
3.372434017595308120e+01,0.000000000000000000e+00,-3.724340175953081200e+00
3.421309872922775952e+01,0.000000000000000000e+00,-4.213098729227759520e+00
3.372434017595308120e+01,0.000000000000000000e+00,-3.724340175953081200e+00
3.372434017595308120e+01,0.000000000000000000e+00,-3.724340175953081200e+00
3.421309872922775952e+01,0.000000000000000000e+00,-4.213098729227759520e+00
3.372434017595308120e+01,0.000000000000000000e+00,-3.724340175953081200e+00
3.372434017595308120e+01,0.000000000000000000e+00,-3.724340175953081200e+00
3.323558162267839577e+01,0.000000000000000000e+00,-3.235581622678395775e+00
3.372434017595308120e+01,0.000000000000000000e+00,-3.724340175953081200e+00
3.323558162267839577e+01,0.000000000000000000e+00,-3.235581622678395775e+00
3.372434017595308120e+01,0.000000000000000000e+00,-3.724340175953081200e+00
3.372434017595308120e+01,0.000000000000000000e+00,-3.724340175953081200e+00
3.372434017595308120e+01,0.000000000000000000e+00,-3.724340175953081200e+00
3.372434017595308120e+01,0.000000000000000000e+00,-3.724340175953081200e+00
3.323558162267839577e+01,0.000000000000000000e+00,-3.235581622678395775e+00
3.323558162267839577e+01,0.000000000000000000e+00,-3.235581622678395775e+00
3.323558162267839577e+01,0.000000000000000000e+00,-3.235581622678395775e+00
3.323558162267839577e+01,0.000000000000000000e+00,-3.235581622678395775e+00
3.323558162267839577e+01,0.000000000000000000e+00,-3.235581622678395775e+00
3.323558162267839577e+01,0.000000000000000000e+00,-3.235581622678395775e+00
3.128054740957966828e+01,2.702831615973979851e+01,-1.280547409579668283e+00
3.372434017595308120e+01,0.000000000000000000e+00,-3.724340175953081200e+00
3.323558162267839577e+01,0.000000000000000000e+00,-3.235581622678395775e+00
3.323558162267839577e+01,0.000000000000000000e+00,-3.235581622678395775e+00
3.323558162267839577e+01,0.000000000000000000e+00,-3.235581622678395775e+00
3.323558162267839577e+01,0.000000000000000000e+00,-3.235581622678395775e+00
3.323558162267839577e+01,0.000000000000000000e+00,-3.235581622678395775e+00
3.323558162267839577e+01,0.000000000000000000e+00,-3.235581622678395775e+00
3.323558162267839577e+01,0.000000000000000000e+00,-3.235581622678395775e+00
3.323558162267839577e+01,0.000000000000000000e+00,-3.235581622678395775e+00
3.323558162267839577e+01,0.000000000000000000e+00,-3.235581622678395775e+00
3.323558162267839577e+01,0.000000000000000000e+00,-3.235581622678395775e+00
3.323558162267839577e+01,0.000000000000000000e+00,-3.235581622678395775e+00
3.323558162267839577e+01,0.000000000000000000e+00,-3.235581622678395775e+00
3.323558162267839577e+01,0.000000000000000000e+00,-3.235581622678395775e+00
3.372434017595308120e+01,0.000000000000000000e+00,-3.724340175953081200e+00
3.323558162267839577e+01,0.000000000000000000e+00,-3.235581622678395775e+00
3.372434017595308120e+01,0.000000000000000000e+00,-3.724340175953081200e+00
3.323558162267839577e+01,0.000000000000000000e+00,-3.235581622678395775e+00
3.323558162267839577e+01,0.000000000000000000e+00,-3.235581622678395775e+00
3.323558162267839577e+01,0.000000000000000000e+00,-3.235581622678395775e+00
3.323558162267839577e+01,0.000000000000000000e+00,-3.235581622678395775e+00
3.323558162267839577e+01,0.000000000000000000e+00,-3.235581622678395775e+00
3.323558162267839577e+01,0.000000000000000000e+00,-3.235581622678395775e+00
3.323558162267839577e+01,0.000000000000000000e+00,-3.235581622678395775e+00
3.323558162267839577e+01,0.000000000000000000e+00,-3.235581622678395775e+00
3.323558162267839577e+01,0.000000000000000000e+00,-3.235581622678395775e+00
3.323558162267839577e+01,0.000000000000000000e+00,-3.235581622678395775e+00
3.421309872922775952e+01,0.000000000000000000e+00,-4.213098729227759520e+00
3.323558162267839577e+01,0.000000000000000000e+00,-3.235581622678395775e+00
3.323558162267839577e+01,0.000000000000000000e+00,-3.235581622678395775e+00
3.323558162267839577e+01,0.000000000000000000e+00,-3.235581622678395775e+00
3.323558162267839577e+01,0.000000000000000000e+00,-3.235581622678395775e+00
3.323558162267839577e+01,0.000000000000000000e+00,-3.235581622678395775e+00
3.323558162267839577e+01,0.000000000000000000e+00,-3.235581622678395775e+00
3.323558162267839577e+01,0.000000000000000000e+00,-3.235581622678395775e+00
3.323558162267839577e+01,0.000000000000000000e+00,-3.235581622678395775e+00
3.274682306940371745e+01,9.954970574853244614e+01,7.253176930596282546e+00
3.323558162267839577e+01,8.621493668435299185e+01,6.764418377321604225e+00
3.470185728250244495e+01,6.238084315973451055e+01,5.298142717497555054e+00
3.470185728250244495e+01,7.847437209630859911e+01,5.298142717497555054e+00
3.323558162267839577e+01,1.000000000000000000e+02,6.764418377321604225e+00
3.519061583577713037e+01,5.529283193969961729e+01,4.809384164222869629e+00
3.567937438905180869e+01,6.551887880643005246e+01,4.320625610948191309e+00
3.519061583577713037e+01,8.120179077067919593e+01,4.809384164222869629e+00
3.519061583577713037e+01,7.732352645213052256e+01,4.809384164222869629e+00
3.323558162267839577e+01,1.000000000000000000e+02,6.764418377321604225e+00
3.519061583577713037e+01,5.827080346357944052e+01,4.809384164222869629e+00
3.519061583577713037e+01,7.923957740503070113e+01,4.809384164222869629e+00
3.567937438905180869e+01,7.019848194140197961e+01,4.320625610948191309e+00
3.567937438905180869e+01,7.607327563858203234e+01,4.320625610948191309e+00
3.616813294232649412e+01,6.693665294352037165e+01,3.831867057673505883e+00
3.665689149560117244e+01,6.290622372663182915e+01,3.343108504398827563e+00
3.665689149560117244e+01,6.837936693971792579e+01,3.343108504398827563e+00
3.714565004887585076e+01,5.925139719730653809e+01,2.854349951124149243e+00
3.714565004887585076e+01,6.462894781710221537e+01,2.854349951124149243e+00
3.714565004887585076e+01,6.520744940752148011e+01,2.854349951124149243e+00
3.616813294232649412e+01,8.572118088849637729e+01,3.831867057673505883e+00
3.665689149560117244e+01,6.669982680888004722e+01,3.343108504398827563e+00
3.714565004887585076e+01,6.219910217178723855e+01,2.854349951124149243e+00
3.665689149560117244e+01,7.758128010121581042e+01,3.343108504398827563e+00
3.763440860215054329e+01,5.345657188614953270e+01,2.365591397849456712e+00
3.763440860215054329e+01,6.392590568235755200e+01,2.365591397849456712e+00
3.812316715542522161e+01,5.441066953817381346e+01,1.876832844574778392e+00
3.812316715542522161e+01,5.978583131134784168e+01,1.876832844574778392e+00
3.861192570869989993e+01,5.017767780159231705e+01,1.388074291300100072e+00
4.056695992179863453e+01,1.619231467309108297e+01,-5.669599217986345252e-01
4.105571847507331285e+01,2.541660811416481636e+01,-1.055718475073312845e+00
4.056695992179863453e+01,4.000644130091933448e+01,-5.669599217986345252e-01
4.007820136852394910e+01,4.505007330660438924e+01,-7.820136852394909965e-02
4.007820136852394910e+01,4.003979848090721561e+01,-7.820136852394909965e-02
4.056695992179863453e+01,3.005138055655244145e+01,-5.669599217986345252e-01
4.252199413489736202e+01,0.000000000000000000e+00,-2.521994134897362017e+00
4.301075268817204744e+01,5.025512460958301730e+00,-3.010752688172047442e+00
4.105571847507331285e+01,4.866642573807630612e+01,-1.055718475073312845e+00
4.105571847507331285e+01,2.914288132048523039e+01,-1.055718475073312845e+00
4.105571847507331285e+01,2.892915243533800407e+01,-1.055718475073312845e+00
4.203323558162267659e+01,8.778794366622491907e+00,-2.033235581622676591e+00
4.203323558162267659e+01,1.834391845799130749e+01,-2.033235581622676591e+00
4.252199413489736202e+01,7.973626138306399547e+00,-2.521994134897362017e+00
4.252199413489736202e+01,1.245158580298047468e+01,-2.521994134897362017e+00
4.301075268817204744e+01,1.985606177980371534e+00,-3.010752688172047442e+00
4.301075268817204744e+01,6.364633628932644172e+00,-3.010752688172047442e+00
4.301075268817204744e+01,5.774523075724424359e+00,-3.010752688172047442e+00
4.349951124144672576e+01,0.000000000000000000e+00,-3.499511241446725762e+00
4.301075268817204744e+01,1.017217099911913003e+01,-3.010752688172047442e+00
4.349951124144672576e+01,0.000000000000000000e+00,-3.499511241446725762e+00
4.301075268817204744e+01,9.582330822970547501e+00,-3.010752688172047442e+00
4.349951124144672576e+01,0.000000000000000000e+00,-3.499511241446725762e+00
4.349951124144672576e+01,0.000000000000000000e+00,-3.499511241446725762e+00
4.349951124144672576e+01,0.000000000000000000e+00,-3.499511241446725762e+00
4.398826979472140408e+01,0.000000000000000000e+00,-3.988269794721404082e+00
4.349951124144672576e+01,3.822058743687609450e+00,-3.499511241446725762e+00
4.349951124144672576e+01,0.000000000000000000e+00,-3.499511241446725762e+00
4.349951124144672576e+01,0.000000000000000000e+00,-3.499511241446725762e+00
4.349951124144672576e+01,0.000000000000000000e+00,-3.499511241446725762e+00
4.349951124144672576e+01,0.000000000000000000e+00,-3.499511241446725762e+00
4.398826979472140408e+01,0.000000000000000000e+00,-3.988269794721404082e+00
4.301075268817204744e+01,1.292710348355519301e+01,-3.010752688172047442e+00
4.398826979472140408e+01,0.000000000000000000e+00,-3.988269794721404082e+00
4.154447702834799827e+01,4.175657505744728581e+01,-1.544477028347998271e+00
4.398826979472140408e+01,0.000000000000000000e+00,-3.988269794721404082e+00
4.496578690127077493e+01,0.000000000000000000e+00,-4.965786901270774933e+00
4.349951124144672576e+01,1.235877003823546616e+01,-3.499511241446725762e+00
4.301075268817204744e+01,6.494801212373593202e+00,-3.010752688172047442e+00
4.301075268817204744e+01,1.077512592630569088e+00,-3.010752688172047442e+00
4.349951124144672576e+01,0.000000000000000000e+00,-3.499511241446725762e+00
4.349951124144672576e+01,0.000000000000000000e+00,-3.499511241446725762e+00
4.301075268817204744e+01,5.296042794714229451e+00,-3.010752688172047442e+00
4.301075268817204744e+01,0.000000000000000000e+00,-3.010752688172047442e+00
4.301075268817204744e+01,0.000000000000000000e+00,-3.010752688172047442e+00
4.301075268817204744e+01,0.000000000000000000e+00,-3.010752688172047442e+00
4.301075268817204744e+01,0.000000000000000000e+00,-3.010752688172047442e+00
4.301075268817204744e+01,0.000000000000000000e+00,-3.010752688172047442e+00
4.301075268817204744e+01,0.000000000000000000e+00,-3.010752688172047442e+00
4.252199413489736202e+01,9.855189145595820932e+00,-2.521994134897362017e+00
4.252199413489736202e+01,4.350779951725598949e+00,-2.521994134897362017e+00
4.301075268817204744e+01,0.000000000000000000e+00,-3.010752688172047442e+00
4.301075268817204744e+01,0.000000000000000000e+00,-3.010752688172047442e+00
4.252199413489736202e+01,8.847777914528775156e+00,-2.521994134897362017e+00
4.252199413489736202e+01,3.346252180147793354e+00,-2.521994134897362017e+00
4.203323558162267659e+01,1.282385739603566677e+01,-2.033235581622676591e+00
4.203323558162267659e+01,7.424188884005960887e+00,-2.033235581622676591e+00
4.203323558162267659e+01,7.025364552075423319e+00,-2.033235581622676591e+00
4.203323558162267659e+01,6.614427978342092729e+00,-2.033235581622676591e+00
4.203323558162267659e+01,6.215665404980580178e+00,-2.033235581622676591e+00
4.203323558162267659e+01,5.804617723994336842e+00,-2.033235581622676591e+00
4.203323558162267659e+01,5.405653296094815374e+00,-2.033235581622676591e+00
4.203323558162267659e+01,4.994599991879368872e+00,-2.033235581622676591e+00
4.203323558162267659e+01,4.595548113070488938e+00,-2.033235581622676591e+00
4.203323558162267659e+01,4.184486858772373807e+00,-2.033235581622676591e+00
4.349951124144672576e+01,0.000000000000000000e+00,-3.499511241446725762e+00
4.301075268817204744e+01,0.000000000000000000e+00,-3.010752688172047442e+00
3.910068426197458535e+01,7.350284440536212571e+01,8.993157380254146460e-01
4.154447702834799827e+01,0.000000000000000000e+00,-1.544477028347998271e+00
4.349951124144672576e+01,0.000000000000000000e+00,-3.499511241446725762e+00
4.154447702834799827e+01,2.828080765046968281e+01,-1.544477028347998271e+00
4.154447702834799827e+01,8.633472539345948604e+00,-1.544477028347998271e+00
4.301075268817204744e+01,0.000000000000000000e+00,-3.010752688172047442e+00
4.105571847507331285e+01,3.323472637231019178e+01,-1.055718475073312845e+00
4.105571847507331285e+01,1.310045054720978897e+01,-1.055718475073312845e+00
4.154447702834799827e+01,2.929220286888719826e+00,-1.544477028347998271e+00
4.154447702834799827e+01,7.597550195216491886e+00,-1.544477028347998271e+00
4.105571847507331285e+01,1.725829182844500309e+01,-1.055718475073312845e+00
4.105571847507331285e+01,1.206453504939918275e+01,-1.055718475073312845e+00
4.105571847507331285e+01,1.185732219855442793e+01,-1.055718475073312845e+00
4.105571847507331285e+01,1.164389414871179440e+01,-1.055718475073312845e+00
4.154447702834799827e+01,1.472104719647109761e+00,-1.544477028347998271e+00
4.154447702834799827e+01,6.141078931961185816e+00,-1.544477028347998271e+00
4.154447702834799827e+01,5.837849217775456623e+00,-1.544477028347998271e+00
4.154447702834799827e+01,5.525746658517061149e+00,-1.544477028347998271e+00
4.105571847507331285e+01,1.518946926815005227e+01,-1.055718475073312845e+00
4.105571847507331285e+01,9.992725673192499158e+00,-1.055718475073312845e+00
4.105571847507331285e+01,9.785805150094361693e+00,-1.055718475073312845e+00
4.105571847507331285e+01,9.572119054439923502e+00,-1.055718475073312845e+00
4.105571847507331285e+01,9.365223449928762989e+00,-1.055718475073312845e+00
4.105571847507331285e+01,9.151485453136597670e+00,-1.055718475073312845e+00
4.105571847507331285e+01,8.944621210806623424e+00,-1.055718475073312845e+00
4.105571847507331285e+01,8.730930383137685880e+00,-1.055718475073312845e+00
4.105571847507331285e+01,8.524002057249688846e+00,-1.055718475073312845e+00
4.105571847507331285e+01,8.310335292377875049e+00,-1.055718475073312845e+00
4.105571847507331285e+01,8.103416279497128727e+00,-1.055718475073312845e+00
4.105571847507331285e+01,7.889742416603567676e+00,-1.055718475073312845e+00
4.105571847507331285e+01,7.682837599766312309e+00,-1.055718475073312845e+00
4.105571847507331285e+01,7.469156387148107257e+00,-1.055718475073312845e+00
4.105571847507331285e+01,7.262232944296343362e+00,-1.055718475073312845e+00
4.105571847507331285e+01,7.048638267134730739e+00,-1.055718475073312845e+00
4.301075268817204744e+01,0.000000000000000000e+00,-3.010752688172047442e+00
4.105571847507331285e+01,2.616206487001244341e+01,-1.055718475073312845e+00
4.105571847507331285e+01,6.627991023534296033e+00,-1.055718475073312845e+00
4.105571847507331285e+01,6.414500702394509091e+00,-1.055718475073312845e+00
4.105571847507331285e+01,6.207415263557106044e+00,-1.055718475073312845e+00
4.105571847507331285e+01,5.993892372062219920e+00,-1.055718475073312845e+00
4.105571847507331285e+01,5.786850628848039690e+00,-1.055718475073312845e+00
4.105571847507331285e+01,5.573298791519796680e+00,-1.055718475073312845e+00
4.105571847507331285e+01,5.366260521805619632e+00,-1.055718475073312845e+00
4.105571847507331285e+01,5.152688548245476952e+00,-1.055718475073312845e+00
4.203323558162267659e+01,0.000000000000000000e+00,-2.033235581622676591e+00
4.056695992179863453e+01,2.441215348343336444e+01,-5.669599217986345252e-01
4.105571847507331285e+01,0.000000000000000000e+00,-1.055718475073312845e+00
4.301075268817204744e+01,0.000000000000000000e+00,-3.010752688172047442e+00
4.105571847507331285e+01,2.480225892767061424e+01,-1.055718475073312845e+00
4.105571847507331285e+01,4.617308426229458362e+00,-1.055718475073312845e+00
4.105571847507331285e+01,4.410626920203981172e+00,-1.055718475073312845e+00
4.252199413489736202e+01,0.000000000000000000e+00,-2.521994134897362017e+00
4.056695992179863453e+01,2.916303519891450335e+01,-5.669599217986345252e-01
4.056695992179863453e+01,9.072329011946759891e+00,-5.669599217986345252e-01
4.056695992179863453e+01,8.961366641090108942e+00,-5.669599217986345252e-01
4.007820136852394910e+01,1.865607578356461005e+01,-7.820136852394909965e-02
4.056695992179863453e+01,3.840057074069594734e+00,-5.669599217986345252e-01
4.056695992179863453e+01,8.719615176276189317e+00,-5.669599217986345252e-01
4.056695992179863453e+01,8.608674189911370789e+00,-5.669599217986345252e-01
4.007820136852394910e+01,1.830558260628692935e+01,-7.820136852394909965e-02
4.056695992179863453e+01,3.489397180450862557e+00,-5.669599217986345252e-01
4.203323558162267659e+01,0.000000000000000000e+00,-2.033235581622676591e+00
4.056695992179863453e+01,2.334933382931955137e+01,-5.669599217986345252e-01
4.105571847507331285e+01,0.000000000000000000e+00,-1.055718475073312845e+00
4.056695992179863453e+01,1.325602042481643217e+01,-5.669599217986345252e-01
4.056695992179863453e+01,8.144914914901928427e+00,-5.669599217986345252e-01
4.056695992179863453e+01,8.034004667054446713e+00,-5.669599217986345252e-01
4.007820136852394910e+01,1.772616282578798419e+01,-7.820136852394909965e-02
4.056695992179863453e+01,2.905627990737674970e+00,-5.669599217986345252e-01
4.154447702834799827e+01,0.000000000000000000e+00,-1.544477028347998271e+00
4.007820136852394910e+01,2.779232790417077226e+01,-7.820136852394909965e-02
4.056695992179863453e+01,2.963107477659194799e+00,-5.669599217986345252e-01
4.007820136852394910e+01,1.765380164958170184e+01,-7.820136852394909965e-02
4.007820136852394910e+01,1.263336692667410865e+01,-7.820136852394909965e-02
4.007820136852394910e+01,1.261809206218647539e+01,-7.820136852394909965e-02
4.007820136852394910e+01,1.260220991877617180e+01,-7.820136852394909965e-02
4.007820136852394910e+01,1.258693777267984437e+01,-7.820136852394909965e-02
4.056695992179863453e+01,2.770469692146726892e+00,-5.669599217986345252e-01
3.665689149560117244e+01,8.739080849834226683e+01,3.343108504398827563e+00
4.007820136852394910e+01,0.000000000000000000e+00,-7.820136852394909965e-02
4.154447702834799827e+01,0.000000000000000000e+00,-1.544477028347998271e+00
4.056695992179863453e+01,1.776010771765170659e+01,-5.669599217986345252e-01
4.056695992179863453e+01,8.011076919493943294e+00,-5.669599217986345252e-01
4.007820136852394910e+01,1.770470367133433598e+01,-7.820136852394909965e-02
4.105571847507331285e+01,0.000000000000000000e+00,-1.055718475073312845e+00
4.007820136852394910e+01,2.251870600352884821e+01,-7.820136852394909965e-02
4.056695992179863453e+01,2.876999522722038627e+00,-5.669599217986345252e-01
4.154447702834799827e+01,0.000000000000000000e+00,-1.544477028347998271e+00
4.007820136852394910e+01,2.771494345277240967e+01,-7.820136852394909965e-02
4.056695992179863453e+01,2.911900413293513346e+00,-5.669599217986345252e-01
4.007820136852394910e+01,1.760144101483469825e+01,-7.820136852394909965e-02
4.007820136852394910e+01,1.259463414442021723e+01,-7.820136852394909965e-02
4.007820136852394910e+01,1.257932294894973069e+01,-7.820136852394909965e-02
4.154447702834799827e+01,0.000000000000000000e+00,-1.544477028347998271e+00
4.007820136852394910e+01,2.753995662121974419e+01,-7.820136852394909965e-02
4.056695992179863453e+01,2.736220263584471013e+00,-5.669599217986345252e-01
4.056695992179863453e+01,7.450558384375874255e+00,-5.669599217986345252e-01
4.056695992179863453e+01,7.335700710730854723e+00,-5.669599217986345252e-01
4.007820136852394910e+01,1.720021263283830137e+01,-7.820136852394909965e-02
4.056695992179863453e+01,2.380285240675063640e+00,-5.669599217986345252e-01
4.056695992179863453e+01,7.094519762232891935e+00,-5.669599217986345252e-01
4.056695992179863453e+01,6.979656843845248204e+00,-5.669599217986345252e-01
4.105571847507331285e+01,0.000000000000000000e+00,-1.055718475073312845e+00
4.056695992179863453e+01,1.168614206487050389e+01,-5.669599217986345252e-01
4.056695992179863453e+01,6.753786379524024497e+00,-5.669599217986345252e-01
4.056695992179863453e+01,6.638940844484356063e+00,-5.669599217986345252e-01
4.056695992179863453e+01,6.527918186122288802e+00,-5.669599217986345252e-01
4.056695992179863453e+01,6.413062810431510385e+00,-5.669599217986345252e-01
4.056695992179863453e+01,6.302048127322400717e+00,-5.669599217986345252e-01
4.007820136852394910e+01,1.599894400982438114e+01,-7.820136852394909965e-02
4.056695992179863453e+01,1.183092026743014280e+00,-5.669599217986345252e-01
4.203323558162267659e+01,0.000000000000000000e+00,-2.033235581622676591e+00
4.007820136852394910e+01,3.102691852646432125e+01,-7.820136852394909965e-02
4.105571847507331285e+01,0.000000000000000000e+00,-1.055718475073312845e+00
4.056695992179863453e+01,1.104289084865508386e+01,-5.669599217986345252e-01
4.056695992179863453e+01,5.934005135781168505e+00,-5.669599217986345252e-01
4.056695992179863453e+01,5.823037033556289543e+00,-5.669599217986345252e-01
4.056695992179863453e+01,5.708132103158144233e+00,-5.669599217986345252e-01
4.007820136852394910e+01,1.557705256971405028e+01,-7.820136852394909965e-02
4.007820136852394910e+01,1.056456268264850173e+01,-7.820136852394909965e-02
4.154447702834799827e+01,0.000000000000000000e+00,-1.544477028347998271e+00
4.007820136852394910e+01,2.500422906857593119e+01,-7.820136852394909965e-02
4.007820136852394910e+01,1.053340756159007086e+01,-7.820136852394909965e-02
4.056695992179863453e+01,7.125573422067663643e-01,-5.669599217986345252e-01
4.007820136852394910e+01,1.540298601309547166e+01,-7.820136852394909965e-02
4.007820136852394910e+01,1.038722876789265648e+01,-7.820136852394909965e-02
4.007820136852394910e+01,1.037194431632127944e+01,-7.820136852394909965e-02
4.056695992179863453e+01,5.526290186878526356e-01,-5.669599217986345252e-01
4.007820136852394910e+01,1.524689016486244419e+01,-7.820136852394909965e-02
4.007820136852394910e+01,1.022573761809472259e+01,-7.820136852394909965e-02
4.056695992179863453e+01,2.253197099067962839e-01,-5.669599217986345252e-01
4.007820136852394910e+01,1.491498173981091213e+01,-7.820136852394909965e-02
4.007820136852394910e+01,1.008378548379733175e+01,-7.820136852394909965e-02
4.203323558162267659e+01,0.000000000000000000e+00,-2.033235581622676591e+00
4.056695992179863453e+01,2.009279074802883969e+01,-5.669599217986345252e-01
4.007820136852394910e+01,1.477280406025503723e+01,-7.820136852394909965e-02
4.007820136852394910e+01,9.941848578457550545e+00,-7.820136852394909965e-02
4.007820136852394910e+01,9.925968530706937187e+00,-7.820136852394909965e-02
4.056695992179863453e+01,0.000000000000000000e+00,-5.669599217986345252e-01
4.007820136852394910e+01,1.472630644333694860e+01,-7.820136852394909965e-02
4.056695992179863453e+01,0.000000000000000000e+00,-5.669599217986345252e-01
4.105571847507331285e+01,0.000000000000000000e+00,-1.055718475073312845e+00
3.958944281524926367e+01,2.987043636900585497e+01,4.105571847507363259e-01
4.056695992179863453e+01,0.000000000000000000e+00,-5.669599217986345252e-01
