Time,Q1,T1
0.000000000000000000e+00,0.000000000000000000e+00,2.932551319648093724e+01
1.000000000000000000e+00,0.000000000000000000e+00,2.932551319648093724e+01
2.000000000000000000e+00,0.000000000000000000e+00,2.932551319648093724e+01
3.000000000000000000e+00,0.000000000000000000e+00,2.932551319648093724e+01
4.000000000000000000e+00,0.000000000000000000e+00,2.932551319648093724e+01
5.000000000000000000e+00,0.000000000000000000e+00,2.932551319648093724e+01
6.000000000000000000e+00,0.000000000000000000e+00,2.932551319648093724e+01
7.000000000000000000e+00,0.000000000000000000e+00,2.932551319648093724e+01
8.000000000000000000e+00,0.000000000000000000e+00,2.932551319648093724e+01
9.000000000000000000e+00,0.000000000000000000e+00,2.932551319648093724e+01
1.000000000000000000e+01,0.000000000000000000e+00,2.932551319648093724e+01
1.100000000000000000e+01,0.000000000000000000e+00,2.932551319648093724e+01
1.200000000000000000e+01,0.000000000000000000e+00,2.981427174975561911e+01
1.300000000000000000e+01,0.000000000000000000e+00,2.932551319648093724e+01
1.400000000000000000e+01,0.000000000000000000e+00,2.932551319648093724e+01
1.500000000000000000e+01,0.000000000000000000e+00,2.932551319648093724e+01
1.600000000000000000e+01,0.000000000000000000e+00,2.932551319648093724e+01
1.700000000000000000e+01,0.000000000000000000e+00,2.932551319648093724e+01
1.800000000000000000e+01,0.000000000000000000e+00,2.932551319648093724e+01
1.900000000000000000e+01,0.000000000000000000e+00,2.932551319648093724e+01
2.000000000000000000e+01,0.000000000000000000e+00,2.932551319648093724e+01
2.100000000000000000e+01,0.000000000000000000e+00,2.932551319648093724e+01
2.200000000000000000e+01,0.000000000000000000e+00,2.932551319648093724e+01
2.300000000000000000e+01,0.000000000000000000e+00,2.932551319648093724e+01
2.400000000000000000e+01,0.000000000000000000e+00,2.932551319648093724e+01
2.500000000000000000e+01,0.000000000000000000e+00,2.932551319648093724e+01
2.600000000000000000e+01,0.000000000000000000e+00,2.932551319648093724e+01
2.700000000000000000e+01,0.000000000000000000e+00,2.932551319648093724e+01
2.800000000000000000e+01,0.000000000000000000e+00,2.932551319648093724e+01
2.900000000000000000e+01,0.000000000000000000e+00,2.932551319648093724e+01
3.000000000000000000e+01,1.785000000000000000e+02,2.932551319648093724e+01
3.100000000000000000e+01,1.785000000000000000e+02,2.883675464320625537e+01
3.200000000000000000e+01,1.785000000000000000e+02,2.932551319648093724e+01
3.300000000000000000e+01,1.785000000000000000e+02,3.079178885630498641e+01
3.400000000000000000e+01,1.785000000000000000e+02,2.981427174975561911e+01
3.500000000000000000e+01,1.785000000000000000e+02,2.932551319648093724e+01
3.600000000000000000e+01,1.785000000000000000e+02,3.079178885630498641e+01
3.700000000000000000e+01,1.785000000000000000e+02,3.079178885630498641e+01
3.800000000000000000e+01,1.785000000000000000e+02,3.079178885630498641e+01
3.900000000000000000e+01,1.785000000000000000e+02,3.079178885630498641e+01
4.000000000000000000e+01,1.785000000000000000e+02,3.128054740957966828e+01
4.100000000000000000e+01,1.785000000000000000e+02,3.030303030303030454e+01
4.200000000000000000e+01,1.785000000000000000e+02,3.128054740957966828e+01
4.300000000000000000e+01,1.785000000000000000e+02,3.128054740957966828e+01
4.400000000000000000e+01,1.785000000000000000e+02,3.128054740957966828e+01
4.500000000000000000e+01,1.785000000000000000e+02,3.225806451612903203e+01
4.600000000000000000e+01,1.785000000000000000e+02,3.225806451612903203e+01
4.700000000000000000e+01,1.785000000000000000e+02,3.128054740957966828e+01
4.800000000000000000e+01,1.785000000000000000e+02,3.274682306940371745e+01
4.900000000000000000e+01,1.785000000000000000e+02,3.323558162267839577e+01
5.000000000000000000e+01,1.785000000000000000e+02,3.323558162267839577e+01
5.100000000000000000e+01,1.785000000000000000e+02,3.372434017595308120e+01
5.200000000000000000e+01,1.785000000000000000e+02,3.372434017595308120e+01
5.300000000000000000e+01,1.785000000000000000e+02,3.470185728250244495e+01
5.400000000000000000e+01,1.785000000000000000e+02,3.470185728250244495e+01
5.500000000000000000e+01,1.785000000000000000e+02,3.470185728250244495e+01
5.600000000000000000e+01,1.785000000000000000e+02,3.372434017595308120e+01
5.700000000000000000e+01,1.785000000000000000e+02,3.616813294232649412e+01
5.800000000000000000e+01,1.785000000000000000e+02,3.519061583577713037e+01
5.900000000000000000e+01,1.785000000000000000e+02,3.567937438905180869e+01
6.000000000000000000e+01,1.785000000000000000e+02,3.714565004887585076e+01
6.100000000000000000e+01,1.785000000000000000e+02,3.714565004887585076e+01
6.200000000000000000e+01,1.785000000000000000e+02,3.763440860215054329e+01
6.300000000000000000e+01,1.785000000000000000e+02,3.763440860215054329e+01
6.400000000000000000e+01,1.785000000000000000e+02,3.812316715542522161e+01
6.500000000000000000e+01,1.785000000000000000e+02,3.812316715542522161e+01
6.600000000000000000e+01,1.785000000000000000e+02,3.910068426197458535e+01
6.700000000000000000e+01,1.785000000000000000e+02,3.910068426197458535e+01
6.800000000000000000e+01,1.785000000000000000e+02,3.958944281524926367e+01
6.900000000000000000e+01,1.785000000000000000e+02,4.056695992179863453e+01
7.000000000000000000e+01,1.785000000000000000e+02,4.056695992179863453e+01
7.100000000000000000e+01,1.785000000000000000e+02,3.958944281524926367e+01
7.200000000000000000e+01,1.785000000000000000e+02,4.105571847507331285e+01
7.300000000000000000e+01,1.785000000000000000e+02,4.105571847507331285e+01
7.400000000000000000e+01,1.785000000000000000e+02,4.105571847507331285e+01
7.500000000000000000e+01,1.785000000000000000e+02,4.252199413489736202e+01
7.600000000000000000e+01,1.785000000000000000e+02,4.301075268817204744e+01
7.700000000000000000e+01,1.785000000000000000e+02,4.154447702834799827e+01
7.800000000000000000e+01,1.785000000000000000e+02,4.349951124144672576e+01
7.900000000000000000e+01,1.785000000000000000e+02,4.398826979472140408e+01
8.000000000000000000e+01,1.785000000000000000e+02,4.301075268817204744e+01
8.100000000000000000e+01,1.785000000000000000e+02,4.496578690127077493e+01
8.200000000000000000e+01,1.785000000000000000e+02,4.496578690127077493e+01
8.300000000000000000e+01,1.785000000000000000e+02,4.545454545454545325e+01
8.400000000000000000e+01,1.785000000000000000e+02,4.594330400782013868e+01
8.500000000000000000e+01,1.785000000000000000e+02,4.643206256109481700e+01
8.600000000000000000e+01,1.785000000000000000e+02,4.692082111436950242e+01
8.700000000000000000e+01,1.785000000000000000e+02,4.692082111436950242e+01
8.800000000000000000e+01,1.785000000000000000e+02,4.740957966764418785e+01
8.900000000000000000e+01,1.785000000000000000e+02,4.740957966764418785e+01
9.000000000000000000e+01,1.785000000000000000e+02,4.838709677419355160e+01
9.100000000000000000e+01,1.785000000000000000e+02,4.887585532746822992e+01
9.200000000000000000e+01,1.785000000000000000e+02,4.887585532746822992e+01
9.300000000000000000e+01,1.785000000000000000e+02,4.838709677419355160e+01
9.400000000000000000e+01,1.785000000000000000e+02,4.887585532746822992e+01
9.500000000000000000e+01,1.785000000000000000e+02,5.034213098729227909e+01
9.600000000000000000e+01,1.785000000000000000e+02,4.985337243401760077e+01
9.700000000000000000e+01,1.785000000000000000e+02,5.083088954056695741e+01
9.800000000000000000e+01,1.785000000000000000e+02,5.083088954056695741e+01
9.900000000000000000e+01,1.785000000000000000e+02,5.131964809384164994e+01
1.000000000000000000e+02,1.785000000000000000e+02,5.131964809384164994e+01
1.010000000000000000e+02,1.785000000000000000e+02,5.229716520039100658e+01
1.020000000000000000e+02,1.785000000000000000e+02,5.229716520039100658e+01
1.030000000000000000e+02,1.785000000000000000e+02,5.376344086021505575e+01
1.040000000000000000e+02,1.785000000000000000e+02,5.278592375366569200e+01
1.050000000000000000e+02,1.785000000000000000e+02,5.376344086021505575e+01
1.060000000000000000e+02,1.785000000000000000e+02,5.376344086021505575e+01
1.070000000000000000e+02,1.785000000000000000e+02,5.376344086021505575e+01
1.080000000000000000e+02,1.785000000000000000e+02,5.327468230694037032e+01
1.090000000000000000e+02,1.785000000000000000e+02,5.327468230694037032e+01
1.100000000000000000e+02,1.785000000000000000e+02,5.474095796676441239e+01
1.110000000000000000e+02,1.785000000000000000e+02,5.571847507331379035e+01
1.120000000000000000e+02,1.785000000000000000e+02,5.571847507331379035e+01
1.130000000000000000e+02,1.785000000000000000e+02,5.474095796676441239e+01
1.140000000000000000e+02,1.785000000000000000e+02,5.669599217986315409e+01
1.150000000000000000e+02,1.785000000000000000e+02,5.669599217986315409e+01
1.160000000000000000e+02,1.785000000000000000e+02,5.669599217986315409e+01
1.170000000000000000e+02,1.785000000000000000e+02,5.718475073313783241e+01
1.180000000000000000e+02,1.785000000000000000e+02,5.718475073313783241e+01
1.190000000000000000e+02,1.785000000000000000e+02,5.767350928641251073e+01
1.200000000000000000e+02,1.785000000000000000e+02,5.816226783968719616e+01
1.210000000000000000e+02,1.785000000000000000e+02,5.718475073313783241e+01
1.220000000000000000e+02,1.785000000000000000e+02,5.767350928641251073e+01
1.230000000000000000e+02,1.785000000000000000e+02,5.913978494623655990e+01
1.240000000000000000e+02,1.785000000000000000e+02,5.913978494623655990e+01
1.250000000000000000e+02,1.785000000000000000e+02,5.962854349951123822e+01
1.260000000000000000e+02,1.785000000000000000e+02,5.865102639296187448e+01
1.270000000000000000e+02,1.785000000000000000e+02,5.767350928641251073e+01
1.280000000000000000e+02,1.785000000000000000e+02,6.060606060606060908e+01
1.290000000000000000e+02,1.785000000000000000e+02,6.060606060606060908e+01
1.300000000000000000e+02,1.785000000000000000e+02,6.060606060606060908e+01
1.310000000000000000e+02,1.785000000000000000e+02,6.060606060606060908e+01
1.320000000000000000e+02,1.785000000000000000e+02,6.109481915933529450e+01
1.330000000000000000e+02,1.785000000000000000e+02,6.158357771260997282e+01
1.340000000000000000e+02,1.785000000000000000e+02,6.109481915933529450e+01
1.350000000000000000e+02,1.785000000000000000e+02,6.207233626588465825e+01
1.360000000000000000e+02,1.785000000000000000e+02,6.207233626588465825e+01
1.370000000000000000e+02,1.785000000000000000e+02,6.353861192570870031e+01
1.380000000000000000e+02,1.785000000000000000e+02,6.353861192570870031e+01
1.390000000000000000e+02,1.785000000000000000e+02,6.402737047898338574e+01
1.400000000000000000e+02,1.785000000000000000e+02,6.402737047898338574e+01
1.410000000000000000e+02,1.785000000000000000e+02,6.402737047898338574e+01
1.420000000000000000e+02,1.785000000000000000e+02,6.451612903225806406e+01
1.430000000000000000e+02,1.785000000000000000e+02,6.451612903225806406e+01
1.440000000000000000e+02,1.785000000000000000e+02,6.451612903225806406e+01
1.450000000000000000e+02,1.785000000000000000e+02,6.402737047898338574e+01
1.460000000000000000e+02,1.785000000000000000e+02,6.353861192570870031e+01
1.470000000000000000e+02,1.785000000000000000e+02,6.549364613880743491e+01
1.480000000000000000e+02,1.785000000000000000e+02,6.451612903225806406e+01
1.490000000000000000e+02,1.785000000000000000e+02,6.842619745845551904e+01
1.500000000000000000e+02,1.785000000000000000e+02,6.598240469208211323e+01
1.510000000000000000e+02,1.785000000000000000e+02,6.500488758553275659e+01
1.520000000000000000e+02,1.785000000000000000e+02,6.500488758553275659e+01
1.530000000000000000e+02,1.785000000000000000e+02,6.647116324535679155e+01
1.540000000000000000e+02,1.785000000000000000e+02,6.500488758553275659e+01
1.550000000000000000e+02,1.785000000000000000e+02,6.647116324535679155e+01
1.560000000000000000e+02,1.785000000000000000e+02,6.695992179863148408e+01
1.570000000000000000e+02,1.785000000000000000e+02,6.744868035190616240e+01
1.580000000000000000e+02,1.785000000000000000e+02,6.744868035190616240e+01
1.590000000000000000e+02,1.785000000000000000e+02,6.744868035190616240e+01
1.600000000000000000e+02,1.785000000000000000e+02,6.695992179863148408e+01
1.610000000000000000e+02,1.785000000000000000e+02,6.842619745845551904e+01
1.620000000000000000e+02,1.785000000000000000e+02,6.793743890518084072e+01
1.630000000000000000e+02,1.785000000000000000e+02,6.842619745845551904e+01
1.640000000000000000e+02,1.785000000000000000e+02,6.793743890518084072e+01
1.650000000000000000e+02,1.785000000000000000e+02,6.842619745845551904e+01
1.660000000000000000e+02,1.785000000000000000e+02,6.842619745845551904e+01
1.670000000000000000e+02,1.785000000000000000e+02,6.842619745845551904e+01
1.680000000000000000e+02,1.785000000000000000e+02,6.842619745845551904e+01
1.690000000000000000e+02,1.785000000000000000e+02,6.842619745845551904e+01
1.700000000000000000e+02,1.785000000000000000e+02,6.891495601173019736e+01
1.710000000000000000e+02,1.785000000000000000e+02,6.891495601173019736e+01
1.720000000000000000e+02,1.785000000000000000e+02,6.940371456500488989e+01
1.730000000000000000e+02,1.785000000000000000e+02,6.891495601173019736e+01
1.740000000000000000e+02,1.785000000000000000e+02,6.989247311827958242e+01
1.750000000000000000e+02,1.785000000000000000e+02,6.989247311827958242e+01
1.760000000000000000e+02,1.785000000000000000e+02,6.891495601173019736e+01
1.770000000000000000e+02,1.785000000000000000e+02,7.038123167155426074e+01
1.780000000000000000e+02,1.785000000000000000e+02,6.989247311827958242e+01
1.790000000000000000e+02,1.785000000000000000e+02,7.038123167155426074e+01
1.800000000000000000e+02,1.785000000000000000e+02,7.038123167155426074e+01
1.810000000000000000e+02,1.785000000000000000e+02,7.038123167155426074e+01
1.820000000000000000e+02,1.785000000000000000e+02,7.038123167155426074e+01
1.830000000000000000e+02,1.785000000000000000e+02,7.086999022482893906e+01
1.840000000000000000e+02,1.785000000000000000e+02,7.135874877810361738e+01
1.850000000000000000e+02,1.785000000000000000e+02,7.135874877810361738e+01
1.860000000000000000e+02,1.785000000000000000e+02,7.135874877810361738e+01
1.870000000000000000e+02,1.785000000000000000e+02,7.135874877810361738e+01
1.880000000000000000e+02,1.785000000000000000e+02,7.184750733137829570e+01
1.890000000000000000e+02,1.785000000000000000e+02,7.184750733137829570e+01
1.900000000000000000e+02,1.785000000000000000e+02,7.086999022482893906e+01
1.910000000000000000e+02,1.785000000000000000e+02,7.233626588465298823e+01
1.920000000000000000e+02,1.785000000000000000e+02,7.233626588465298823e+01
1.930000000000000000e+02,1.785000000000000000e+02,7.184750733137829570e+01
1.940000000000000000e+02,1.785000000000000000e+02,7.282502443792766655e+01
1.950000000000000000e+02,1.785000000000000000e+02,7.282502443792766655e+01
1.960000000000000000e+02,1.785000000000000000e+02,7.233626588465298823e+01
1.970000000000000000e+02,1.785000000000000000e+02,7.233626588465298823e+01
1.980000000000000000e+02,1.785000000000000000e+02,7.380254154447702319e+01
1.990000000000000000e+02,1.785000000000000000e+02,7.380254154447702319e+01
2.000000000000000000e+02,1.785000000000000000e+02,7.429130009775170151e+01
2.010000000000000000e+02,1.785000000000000000e+02,7.429130009775170151e+01
2.020000000000000000e+02,1.785000000000000000e+02,7.429130009775170151e+01
2.030000000000000000e+02,1.785000000000000000e+02,7.478005865102639405e+01
2.040000000000000000e+02,1.785000000000000000e+02,7.478005865102639405e+01
2.050000000000000000e+02,1.785000000000000000e+02,7.526881720430108658e+01
2.060000000000000000e+02,1.785000000000000000e+02,7.526881720430108658e+01
2.070000000000000000e+02,1.785000000000000000e+02,7.429130009775170151e+01
2.080000000000000000e+02,1.785000000000000000e+02,7.575757575757576490e+01
2.090000000000000000e+02,1.785000000000000000e+02,7.575757575757576490e+01
2.100000000000000000e+02,1.785000000000000000e+02,7.624633431085044322e+01
2.110000000000000000e+02,1.785000000000000000e+02,7.624633431085044322e+01
2.120000000000000000e+02,1.785000000000000000e+02,7.624633431085044322e+01
2.130000000000000000e+02,1.785000000000000000e+02,7.624633431085044322e+01
2.140000000000000000e+02,1.785000000000000000e+02,7.624633431085044322e+01
2.150000000000000000e+02,1.785000000000000000e+02,7.673509286412512154e+01
2.160000000000000000e+02,1.785000000000000000e+02,7.673509286412512154e+01
2.170000000000000000e+02,1.785000000000000000e+02,7.722385141739979986e+01
2.180000000000000000e+02,1.785000000000000000e+02,7.722385141739979986e+01
2.190000000000000000e+02,1.785000000000000000e+02,7.771260997067449239e+01
2.200000000000000000e+02,1.785000000000000000e+02,7.820136852394917071e+01
2.210000000000000000e+02,1.785000000000000000e+02,7.820136852394917071e+01
2.220000000000000000e+02,1.785000000000000000e+02,7.917888563049852735e+01
2.230000000000000000e+02,1.785000000000000000e+02,7.820136852394917071e+01
2.240000000000000000e+02,1.785000000000000000e+02,7.722385141739979986e+01
2.250000000000000000e+02,1.785000000000000000e+02,7.869012707722384903e+01
2.260000000000000000e+02,1.785000000000000000e+02,7.869012707722384903e+01
2.270000000000000000e+02,1.785000000000000000e+02,7.820136852394917071e+01
2.280000000000000000e+02,1.785000000000000000e+02,7.917888563049852735e+01
2.290000000000000000e+02,1.785000000000000000e+02,7.966764418377321988e+01
2.300000000000000000e+02,1.785000000000000000e+02,7.966764418377321988e+01
2.310000000000000000e+02,1.785000000000000000e+02,7.869012707722384903e+01
2.320000000000000000e+02,1.785000000000000000e+02,7.966764418377321988e+01
2.330000000000000000e+02,1.785000000000000000e+02,8.015640273704789820e+01
2.340000000000000000e+02,1.785000000000000000e+02,8.015640273704789820e+01
2.350000000000000000e+02,1.785000000000000000e+02,8.015640273704789820e+01
2.360000000000000000e+02,1.785000000000000000e+02,8.064516129032259073e+01
2.370000000000000000e+02,1.785000000000000000e+02,8.064516129032259073e+01
2.380000000000000000e+02,1.785000000000000000e+02,8.162267839687194737e+01
2.390000000000000000e+02,1.785000000000000000e+02,8.113391984359726905e+01
2.400000000000000000e+02,1.785000000000000000e+02,8.015640273704789820e+01
2.410000000000000000e+02,1.785000000000000000e+02,8.064516129032259073e+01
2.420000000000000000e+02,1.785000000000000000e+02,8.015640273704789820e+01
2.430000000000000000e+02,1.785000000000000000e+02,8.064516129032259073e+01
2.440000000000000000e+02,1.785000000000000000e+02,8.211143695014662569e+01
2.450000000000000000e+02,1.785000000000000000e+02,8.113391984359726905e+01
2.460000000000000000e+02,1.785000000000000000e+02,8.260019550342130401e+01
2.470000000000000000e+02,1.785000000000000000e+02,8.260019550342130401e+01
2.480000000000000000e+02,1.785000000000000000e+02,8.308895405669599654e+01
2.490000000000000000e+02,1.785000000000000000e+02,8.260019550342130401e+01
2.500000000000000000e+02,1.785000000000000000e+02,8.308895405669599654e+01
2.510000000000000000e+02,1.785000000000000000e+02,8.211143695014662569e+01
2.520000000000000000e+02,1.785000000000000000e+02,8.260019550342130401e+01
2.530000000000000000e+02,1.785000000000000000e+02,8.406647116324535318e+01
2.540000000000000000e+02,1.785000000000000000e+02,8.406647116324535318e+01
2.550000000000000000e+02,1.785000000000000000e+02,8.406647116324535318e+01
2.560000000000000000e+02,1.785000000000000000e+02,8.308895405669599654e+01
2.570000000000000000e+02,1.785000000000000000e+02,8.406647116324535318e+01
2.580000000000000000e+02,1.785000000000000000e+02,8.406647116324535318e+01
2.590000000000000000e+02,1.785000000000000000e+02,8.357771260997067486e+01
2.600000000000000000e+02,1.785000000000000000e+02,8.406647116324535318e+01
2.610000000000000000e+02,1.785000000000000000e+02,8.455522971652004571e+01
2.620000000000000000e+02,1.785000000000000000e+02,8.455522971652004571e+01
2.630000000000000000e+02,1.785000000000000000e+02,8.504398826979472403e+01
2.640000000000000000e+02,1.785000000000000000e+02,8.455522971652004571e+01
2.650000000000000000e+02,1.785000000000000000e+02,8.553274682306940235e+01
2.660000000000000000e+02,1.785000000000000000e+02,8.553274682306940235e+01
2.670000000000000000e+02,1.785000000000000000e+02,8.602150537634409488e+01
2.680000000000000000e+02,1.785000000000000000e+02,8.455522971652004571e+01
2.690000000000000000e+02,1.785000000000000000e+02,8.651026392961877320e+01
2.700000000000000000e+02,1.785000000000000000e+02,8.602150537634409488e+01
2.710000000000000000e+02,1.785000000000000000e+02,8.602150537634409488e+01
2.720000000000000000e+02,1.785000000000000000e+02,8.651026392961877320e+01
2.730000000000000000e+02,1.785000000000000000e+02,8.553274682306940235e+01
2.740000000000000000e+02,1.785000000000000000e+02,8.651026392961877320e+01
2.750000000000000000e+02,1.785000000000000000e+02,8.651026392961877320e+01
2.760000000000000000e+02,1.785000000000000000e+02,8.699902248289345152e+01
2.770000000000000000e+02,1.785000000000000000e+02,8.748778103616812984e+01
2.780000000000000000e+02,1.785000000000000000e+02,8.699902248289345152e+01
2.790000000000000000e+02,1.785000000000000000e+02,8.748778103616812984e+01
2.800000000000000000e+02,1.785000000000000000e+02,8.748778103616812984e+01
2.810000000000000000e+02,1.785000000000000000e+02,8.797653958944280816e+01
2.820000000000000000e+02,1.785000000000000000e+02,8.846529814271750070e+01
2.830000000000000000e+02,1.785000000000000000e+02,8.797653958944280816e+01
2.840000000000000000e+02,1.785000000000000000e+02,8.797653958944280816e+01
2.850000000000000000e+02,1.785000000000000000e+02,8.846529814271750070e+01
2.860000000000000000e+02,1.785000000000000000e+02,8.797653958944280816e+01
2.870000000000000000e+02,1.785000000000000000e+02,8.846529814271750070e+01
2.880000000000000000e+02,1.785000000000000000e+02,8.846529814271750070e+01
2.890000000000000000e+02,1.785000000000000000e+02,8.895405669599217902e+01
2.900000000000000000e+02,1.785000000000000000e+02,8.797653958944280816e+01
2.910000000000000000e+02,1.785000000000000000e+02,8.895405669599217902e+01
2.920000000000000000e+02,1.785000000000000000e+02,8.895405669599217902e+01
2.930000000000000000e+02,1.785000000000000000e+02,8.895405669599217902e+01
2.940000000000000000e+02,1.785000000000000000e+02,8.944281524926687155e+01
2.950000000000000000e+02,1.785000000000000000e+02,8.944281524926687155e+01
2.960000000000000000e+02,1.785000000000000000e+02,8.944281524926687155e+01
2.970000000000000000e+02,1.785000000000000000e+02,8.944281524926687155e+01
2.980000000000000000e+02,1.785000000000000000e+02,8.993157380254154987e+01
2.990000000000000000e+02,1.785000000000000000e+02,8.895405669599217902e+01
3.000000000000000000e+02,1.785000000000000000e+02,8.993157380254154987e+01
3.010000000000000000e+02,1.785000000000000000e+02,9.042033235581622819e+01
3.020000000000000000e+02,1.785000000000000000e+02,8.944281524926687155e+01
3.030000000000000000e+02,1.785000000000000000e+02,9.042033235581622819e+01
3.040000000000000000e+02,1.785000000000000000e+02,9.042033235581622819e+01
3.050000000000000000e+02,1.785000000000000000e+02,9.090909090909090651e+01
3.060000000000000000e+02,1.785000000000000000e+02,9.090909090909090651e+01
3.070000000000000000e+02,1.785000000000000000e+02,8.993157380254154987e+01
3.080000000000000000e+02,1.785000000000000000e+02,9.139784946236559904e+01
3.090000000000000000e+02,1.785000000000000000e+02,9.188660801564027736e+01
3.100000000000000000e+02,1.785000000000000000e+02,9.042033235581622819e+01
3.110000000000000000e+02,1.785000000000000000e+02,9.188660801564027736e+01
3.120000000000000000e+02,1.785000000000000000e+02,9.188660801564027736e+01
3.130000000000000000e+02,1.785000000000000000e+02,9.188660801564027736e+01
3.140000000000000000e+02,1.785000000000000000e+02,9.188660801564027736e+01
3.150000000000000000e+02,1.785000000000000000e+02,9.188660801564027736e+01
3.160000000000000000e+02,1.785000000000000000e+02,9.139784946236559904e+01
3.170000000000000000e+02,1.785000000000000000e+02,9.237536656891495568e+01
3.180000000000000000e+02,1.785000000000000000e+02,9.237536656891495568e+01
3.190000000000000000e+02,1.785000000000000000e+02,9.237536656891495568e+01
3.200000000000000000e+02,1.785000000000000000e+02,9.188660801564027736e+01
3.210000000000000000e+02,1.785000000000000000e+02,9.335288367546431232e+01
3.220000000000000000e+02,1.785000000000000000e+02,9.286412512218963400e+01
3.230000000000000000e+02,1.785000000000000000e+02,9.335288367546431232e+01
3.240000000000000000e+02,1.785000000000000000e+02,9.286412512218963400e+01
3.250000000000000000e+02,1.785000000000000000e+02,9.286412512218963400e+01
3.260000000000000000e+02,1.785000000000000000e+02,9.384164222873900485e+01
3.270000000000000000e+02,1.785000000000000000e+02,9.188660801564027736e+01
3.280000000000000000e+02,1.785000000000000000e+02,9.384164222873900485e+01
3.290000000000000000e+02,1.785000000000000000e+02,9.384164222873900485e+01
3.300000000000000000e+02,1.785000000000000000e+02,9.384164222873900485e+01
3.310000000000000000e+02,1.785000000000000000e+02,9.384164222873900485e+01
3.320000000000000000e+02,1.785000000000000000e+02,9.433040078201369738e+01
3.330000000000000000e+02,1.785000000000000000e+02,9.335288367546431232e+01
3.340000000000000000e+02,1.785000000000000000e+02,9.433040078201369738e+01
3.350000000000000000e+02,1.785000000000000000e+02,9.433040078201369738e+01
3.360000000000000000e+02,1.785000000000000000e+02,9.481915933528837570e+01
3.370000000000000000e+02,1.785000000000000000e+02,9.530791788856305402e+01
3.380000000000000000e+02,1.785000000000000000e+02,9.384164222873900485e+01
3.390000000000000000e+02,1.785000000000000000e+02,9.530791788856305402e+01
3.400000000000000000e+02,1.785000000000000000e+02,9.579667644183773234e+01
3.410000000000000000e+02,1.785000000000000000e+02,9.579667644183773234e+01
3.420000000000000000e+02,1.785000000000000000e+02,9.579667644183773234e+01
3.430000000000000000e+02,1.785000000000000000e+02,9.579667644183773234e+01
3.440000000000000000e+02,1.785000000000000000e+02,9.481915933528837570e+01
3.450000000000000000e+02,1.785000000000000000e+02,9.579667644183773234e+01
3.460000000000000000e+02,1.785000000000000000e+02,9.530791788856305402e+01
3.470000000000000000e+02,1.785000000000000000e+02,9.628543499511241066e+01
3.480000000000000000e+02,1.785000000000000000e+02,9.530791788856305402e+01
3.490000000000000000e+02,1.785000000000000000e+02,9.628543499511241066e+01
3.500000000000000000e+02,1.785000000000000000e+02,9.628543499511241066e+01
3.510000000000000000e+02,1.785000000000000000e+02,9.530791788856305402e+01
3.520000000000000000e+02,1.785000000000000000e+02,9.726295210166178151e+01
3.530000000000000000e+02,1.785000000000000000e+02,9.677419354838710319e+01
3.540000000000000000e+02,1.785000000000000000e+02,9.677419354838710319e+01
3.550000000000000000e+02,1.785000000000000000e+02,9.677419354838710319e+01
3.560000000000000000e+02,1.785000000000000000e+02,9.726295210166178151e+01
3.570000000000000000e+02,1.785000000000000000e+02,9.726295210166178151e+01
3.580000000000000000e+02,1.785000000000000000e+02,9.775171065493645983e+01
3.590000000000000000e+02,1.785000000000000000e+02,9.775171065493645983e+01
3.600000000000000000e+02,1.785000000000000000e+02,9.775171065493645983e+01
3.610000000000000000e+02,1.785000000000000000e+02,9.677419354838710319e+01
3.620000000000000000e+02,1.785000000000000000e+02,9.775171065493645983e+01
3.630000000000000000e+02,1.785000000000000000e+02,9.872922776148583068e+01
3.640000000000000000e+02,1.785000000000000000e+02,9.726295210166178151e+01
3.650000000000000000e+02,1.785000000000000000e+02,9.872922776148583068e+01
3.660000000000000000e+02,1.785000000000000000e+02,9.726295210166178151e+01
3.670000000000000000e+02,1.785000000000000000e+02,9.872922776148583068e+01
3.680000000000000000e+02,1.785000000000000000e+02,9.921798631476050900e+01
3.690000000000000000e+02,1.785000000000000000e+02,9.775171065493645983e+01
3.700000000000000000e+02,1.785000000000000000e+02,9.775171065493645983e+01
3.710000000000000000e+02,1.785000000000000000e+02,9.921798631476050900e+01
3.720000000000000000e+02,1.785000000000000000e+02,9.824046920821113815e+01
3.730000000000000000e+02,1.785000000000000000e+02,9.921798631476050900e+01
3.740000000000000000e+02,1.785000000000000000e+02,9.824046920821113815e+01
3.750000000000000000e+02,1.785000000000000000e+02,9.970674486803520153e+01
3.760000000000000000e+02,1.785000000000000000e+02,9.970674486803520153e+01
3.770000000000000000e+02,1.785000000000000000e+02,9.872922776148583068e+01
3.780000000000000000e+02,1.785000000000000000e+02,9.970674486803520153e+01
3.790000000000000000e+02,1.785000000000000000e+02,9.970674486803520153e+01
3.800000000000000000e+02,1.785000000000000000e+02,9.970674486803520153e+01
3.810000000000000000e+02,1.785000000000000000e+02,9.970674486803520153e+01
3.820000000000000000e+02,1.785000000000000000e+02,9.921798631476050900e+01
3.830000000000000000e+02,1.785000000000000000e+02,1.001955034213098799e+02
3.840000000000000000e+02,1.785000000000000000e+02,1.006842619745845582e+02
3.850000000000000000e+02,1.785000000000000000e+02,9.970674486803520153e+01
3.860000000000000000e+02,1.785000000000000000e+02,1.006842619745845582e+02
3.870000000000000000e+02,1.785000000000000000e+02,1.011730205278592365e+02
3.880000000000000000e+02,1.785000000000000000e+02,1.011730205278592365e+02
3.890000000000000000e+02,1.785000000000000000e+02,1.006842619745845582e+02
3.900000000000000000e+02,1.785000000000000000e+02,9.970674486803520153e+01
3.910000000000000000e+02,1.785000000000000000e+02,1.011730205278592365e+02
3.920000000000000000e+02,1.785000000000000000e+02,1.011730205278592365e+02
3.930000000000000000e+02,1.785000000000000000e+02,1.016617790811339148e+02
3.940000000000000000e+02,1.785000000000000000e+02,1.016617790811339148e+02
3.950000000000000000e+02,1.785000000000000000e+02,1.016617790811339148e+02
3.960000000000000000e+02,1.785000000000000000e+02,1.006842619745845582e+02
3.970000000000000000e+02,1.785000000000000000e+02,1.016617790811339148e+02
3.980000000000000000e+02,1.785000000000000000e+02,1.016617790811339148e+02
3.990000000000000000e+02,1.785000000000000000e+02,1.021505376344086073e+02
4.000000000000000000e+02,1.785000000000000000e+02,1.021505376344086073e+02
4.010000000000000000e+02,1.785000000000000000e+02,1.021505376344086073e+02
4.020000000000000000e+02,1.785000000000000000e+02,1.026392961876832999e+02
4.030000000000000000e+02,1.785000000000000000e+02,1.016617790811339148e+02
4.040000000000000000e+02,1.785000000000000000e+02,1.016617790811339148e+02
4.050000000000000000e+02,1.785000000000000000e+02,1.031280547409579640e+02
4.060000000000000000e+02,1.785000000000000000e+02,1.026392961876832999e+02
4.070000000000000000e+02,1.785000000000000000e+02,1.026392961876832999e+02
4.080000000000000000e+02,1.785000000000000000e+02,1.026392961876832999e+02
4.090000000000000000e+02,1.785000000000000000e+02,1.031280547409579640e+02
4.100000000000000000e+02,1.785000000000000000e+02,1.031280547409579640e+02
4.110000000000000000e+02,1.785000000000000000e+02,1.031280547409579640e+02
4.120000000000000000e+02,1.785000000000000000e+02,1.016617790811339148e+02
4.130000000000000000e+02,1.785000000000000000e+02,1.036168132942326565e+02
4.140000000000000000e+02,1.785000000000000000e+02,1.036168132942326565e+02
4.150000000000000000e+02,1.785000000000000000e+02,1.021505376344086073e+02
4.160000000000000000e+02,1.785000000000000000e+02,1.036168132942326565e+02
4.170000000000000000e+02,1.785000000000000000e+02,1.036168132942326565e+02
4.180000000000000000e+02,1.785000000000000000e+02,1.026392961876832999e+02
4.190000000000000000e+02,1.785000000000000000e+02,1.041055718475073206e+02
4.200000000000000000e+02,1.785000000000000000e+02,1.041055718475073206e+02
4.210000000000000000e+02,1.785000000000000000e+02,1.041055718475073206e+02
4.220000000000000000e+02,1.785000000000000000e+02,1.041055718475073206e+02
4.230000000000000000e+02,1.785000000000000000e+02,1.031280547409579640e+02
4.240000000000000000e+02,1.785000000000000000e+02,1.045943304007820132e+02
4.250000000000000000e+02,1.785000000000000000e+02,1.041055718475073206e+02
4.260000000000000000e+02,1.785000000000000000e+02,1.036168132942326565e+02
4.270000000000000000e+02,1.785000000000000000e+02,1.045943304007820132e+02
4.280000000000000000e+02,1.785000000000000000e+02,1.036168132942326565e+02
4.290000000000000000e+02,1.785000000000000000e+02,1.050830889540566915e+02
4.300000000000000000e+02,1.785000000000000000e+02,1.050830889540566915e+02
4.310000000000000000e+02,1.785000000000000000e+02,1.050830889540566915e+02
4.320000000000000000e+02,1.785000000000000000e+02,1.055718475073313840e+02
4.330000000000000000e+02,1.785000000000000000e+02,1.036168132942326565e+02
4.340000000000000000e+02,1.785000000000000000e+02,1.050830889540566915e+02
4.350000000000000000e+02,1.785000000000000000e+02,1.050830889540566915e+02
4.360000000000000000e+02,1.785000000000000000e+02,1.050830889540566915e+02
4.370000000000000000e+02,1.785000000000000000e+02,1.036168132942326565e+02
4.380000000000000000e+02,1.785000000000000000e+02,1.045943304007820132e+02
4.390000000000000000e+02,1.785000000000000000e+02,1.050830889540566915e+02
4.400000000000000000e+02,1.785000000000000000e+02,1.050830889540566915e+02
4.410000000000000000e+02,1.785000000000000000e+02,1.041055718475073206e+02
4.420000000000000000e+02,1.785000000000000000e+02,1.060606060606060765e+02
4.430000000000000000e+02,1.785000000000000000e+02,1.045943304007820132e+02
4.440000000000000000e+02,1.785000000000000000e+02,1.026392961876832999e+02
4.450000000000000000e+02,1.785000000000000000e+02,1.055718475073313840e+02
4.460000000000000000e+02,1.785000000000000000e+02,1.060606060606060765e+02
4.470000000000000000e+02,1.785000000000000000e+02,1.060606060606060765e+02
4.480000000000000000e+02,1.785000000000000000e+02,1.050830889540566915e+02
4.490000000000000000e+02,1.785000000000000000e+02,1.060606060606060765e+02
4.500000000000000000e+02,1.785000000000000000e+02,1.060606060606060765e+02
4.510000000000000000e+02,1.785000000000000000e+02,1.065493646138807406e+02
4.520000000000000000e+02,1.785000000000000000e+02,1.065493646138807406e+02
4.530000000000000000e+02,1.785000000000000000e+02,1.070381231671554332e+02
4.540000000000000000e+02,1.785000000000000000e+02,1.070381231671554332e+02
4.550000000000000000e+02,1.785000000000000000e+02,1.065493646138807406e+02
4.560000000000000000e+02,1.785000000000000000e+02,1.050830889540566915e+02
4.570000000000000000e+02,1.785000000000000000e+02,1.065493646138807406e+02
4.580000000000000000e+02,1.785000000000000000e+02,1.065493646138807406e+02
4.590000000000000000e+02,1.785000000000000000e+02,1.060606060606060765e+02
4.600000000000000000e+02,1.785000000000000000e+02,1.065493646138807406e+02
4.610000000000000000e+02,1.785000000000000000e+02,1.075268817204301115e+02
4.620000000000000000e+02,1.785000000000000000e+02,1.070381231671554332e+02
4.630000000000000000e+02,1.785000000000000000e+02,1.055718475073313840e+02
4.640000000000000000e+02,1.785000000000000000e+02,1.070381231671554332e+02
4.650000000000000000e+02,1.785000000000000000e+02,1.075268817204301115e+02
4.660000000000000000e+02,1.785000000000000000e+02,1.075268817204301115e+02
4.670000000000000000e+02,1.785000000000000000e+02,1.065493646138807406e+02
4.680000000000000000e+02,1.785000000000000000e+02,1.075268817204301115e+02
4.690000000000000000e+02,1.785000000000000000e+02,1.075268817204301115e+02
4.700000000000000000e+02,1.785000000000000000e+02,1.075268817204301115e+02
4.710000000000000000e+02,1.785000000000000000e+02,1.075268817204301115e+02
4.720000000000000000e+02,1.785000000000000000e+02,1.075268817204301115e+02
4.730000000000000000e+02,1.785000000000000000e+02,1.075268817204301115e+02
4.740000000000000000e+02,1.785000000000000000e+02,1.080156402737048040e+02
4.750000000000000000e+02,1.785000000000000000e+02,1.080156402737048040e+02
4.760000000000000000e+02,1.785000000000000000e+02,1.080156402737048040e+02
4.770000000000000000e+02,1.785000000000000000e+02,1.085043988269794681e+02
4.780000000000000000e+02,1.785000000000000000e+02,1.080156402737048040e+02
4.790000000000000000e+02,1.785000000000000000e+02,1.085043988269794681e+02
4.800000000000000000e+02,1.785000000000000000e+02,1.094819159335288248e+02
